"../../../Engine/Plugins/2D/Paper2D/Content/PlaceholderTextures/DummySpriteTexture.ubulk" 0
"../../../Engine/Plugins/2D/Paper2D/Content/PlaceholderTextures/DummySpriteTexture.uasset" 1
"../../../Engine/Plugins/2D/Paper2D/Content/PlaceholderTextures/DummySpriteTexture.uexp" 2
"../../../Engine/Plugins/2D/Paper2D/Content/DummySprite.uasset" 3
"../../../Engine/Plugins/2D/Paper2D/Content/DummySprite.uexp" 4
"../../../Engine/Plugins/2D/Paper2D/Content/DefaultPaperTerrainMaterial.uasset" 5
"../../../Engine/Plugins/2D/Paper2D/Content/DefaultPaperTerrainMaterial.uexp" 6
"../../../Engine/Plugins/Animation/ACLPlugin/Content/ACLAnimCurveCompressionSettings.uasset" 7
"../../../Engine/Plugins/Animation/ACLPlugin/Content/ACLAnimCurveCompressionSettings.uexp" 8
"../../../Engine/Plugins/Animation/ACLPlugin/Content/ACLAnimBoneCompressionSettings.uasset" 9
"../../../Engine/Plugins/Animation/ACLPlugin/Content/ACLAnimBoneCompressionSettings.uexp" 10
"../../../Engine/Content/Animation/DefaultVariableFrameStrippingSettings.uasset" 11
"../../../Engine/Content/Animation/DefaultVariableFrameStrippingSettings.uexp" 12
"../../../Engine/Content/Animation/DefaultRecorderBoneCompression.uasset" 13
"../../../Engine/Content/Animation/DefaultRecorderBoneCompression.uexp" 14
"../../../Engine/Content/EngineMaterials/DefaultPhysicalMaterial.uasset" 15
"../../../Engine/Content/EngineMaterials/DefaultPhysicalMaterial.uexp" 16
"../../../Engine/Content/EngineMaterials/DefaultDestructiblePhysicalMaterial.uasset" 17
"../../../Engine/Content/EngineMaterials/DefaultDestructiblePhysicalMaterial.uexp" 18
"../../../Engine/Content/EngineFonts/Faces/DroidSansFallback.uexp" 19
"../../../Engine/Content/EngineFonts/Faces/DroidSansFallback.uasset" 20
"../../../Engine/Content/EngineFonts/Faces/DroidSansFallback.ufont" 21
"../../../Engine/Content/EngineFonts/Faces/RobotoRegular.uexp" 22
"../../../Engine/Content/EngineFonts/Faces/RobotoRegular.uasset" 23
"../../../Engine/Content/EngineFonts/Faces/RobotoRegular.ufont" 24
"../../../Engine/Content/EngineFonts/Faces/RobotoLight.uexp" 25
"../../../Engine/Content/EngineFonts/Faces/RobotoLight.uasset" 26
"../../../Engine/Content/EngineFonts/Faces/RobotoLight.ufont" 27
"../../../Engine/Content/EngineFonts/Faces/RobotoItalic.uexp" 28
"../../../Engine/Content/EngineFonts/Faces/RobotoItalic.uasset" 29
"../../../Engine/Content/EngineFonts/Faces/RobotoItalic.ufont" 30
"../../../Engine/Content/EngineFonts/Faces/RobotoBoldItalic.uexp" 31
"../../../Engine/Content/EngineFonts/Faces/RobotoBoldItalic.uasset" 32
"../../../Engine/Content/EngineFonts/Faces/RobotoBoldItalic.ufont" 33
"../../../Engine/Content/EngineFonts/Faces/RobotoBold.uexp" 34
"../../../Engine/Content/EngineFonts/Faces/RobotoBold.uasset" 35
"../../../Engine/Content/EngineFonts/Faces/RobotoBold.ufont" 36
"../../../Engine/Content/EngineFonts/Roboto.uasset" 37
"../../../Engine/Content/EngineFonts/Roboto.uexp" 38
"../../../Engine/Content/EngineFonts/Faces/DroidSansMono.uexp" 39
"../../../Engine/Content/EngineFonts/Faces/DroidSansMono.uasset" 40
"../../../Engine/Content/EngineFonts/Faces/DroidSansMono.ufont" 41
"../../../Engine/Content/EngineFonts/DroidSansMono.uasset" 42
"../../../Engine/Content/EngineFonts/DroidSansMono.uexp" 43
"../../../Engine/Plugins/Interchange/Runtime/Content/Pipelines/DefaultTexturePipeline.uasset" 44
"../../../Engine/Plugins/Interchange/Runtime/Content/Pipelines/DefaultTexturePipeline.uexp" 45
"../../../Engine/Plugins/Interchange/Runtime/Content/Pipelines/DefaultSceneLevelPipeline.uasset" 46
"../../../Engine/Plugins/Interchange/Runtime/Content/Pipelines/DefaultSceneLevelPipeline.uexp" 47
"../../../Engine/Plugins/Interchange/Runtime/Content/Pipelines/DefaultSceneAssetsPipeline.uasset" 48
"../../../Engine/Plugins/Interchange/Runtime/Content/Pipelines/DefaultSceneAssetsPipeline.uexp" 49
"../../../Engine/Plugins/Interchange/Runtime/Content/Pipelines/DefaultMaterialXPipeline.uasset" 50
"../../../Engine/Plugins/Interchange/Runtime/Content/Pipelines/DefaultMaterialXPipeline.uexp" 51
"../../../Engine/Plugins/Interchange/Runtime/Content/Pipelines/DefaultMaterialPipeline.uasset" 52
"../../../Engine/Plugins/Interchange/Runtime/Content/Pipelines/DefaultMaterialPipeline.uexp" 53
"../../../Engine/Plugins/Interchange/Runtime/Content/Pipelines/DefaultGLTFSceneAssetsPipeline.uasset" 54
"../../../Engine/Plugins/Interchange/Runtime/Content/Pipelines/DefaultGLTFSceneAssetsPipeline.uexp" 55
"../../../Engine/Plugins/Interchange/Runtime/Content/Pipelines/DefaultGLTFPipeline.uasset" 56
"../../../Engine/Plugins/Interchange/Runtime/Content/Pipelines/DefaultGLTFPipeline.uexp" 57
"../../../Engine/Plugins/Interchange/Runtime/Content/Pipelines/DefaultGLTFAssetsPipeline.uasset" 58
"../../../Engine/Plugins/Interchange/Runtime/Content/Pipelines/DefaultGLTFAssetsPipeline.uexp" 59
"../../../Engine/Plugins/Interchange/Runtime/Content/Pipelines/DefaultAssetsPipeline.uasset" 60
"../../../Engine/Plugins/Interchange/Runtime/Content/Pipelines/DefaultAssetsPipeline.uexp" 61
"../../../Engine/Plugins/Animation/ControlRig/Content/Controls/DefaultGizmoLibraryNormalized.uasset" 62
"../../../Engine/Plugins/Animation/ControlRig/Content/Controls/DefaultGizmoLibraryNormalized.uexp" 63
"../../../Engine/Content/EngineSounds/Master.uasset" 64
"../../../Engine/Content/EngineSounds/Master.uexp" 65
"../../../Engine/Content/MobileResources/HUD/VirtualJoystick_Thumb.uasset" 66
"../../../Engine/Content/MobileResources/HUD/VirtualJoystick_Thumb.uexp" 67
"../../../Engine/Content/MobileResources/HUD/VirtualJoystick_Background.uasset" 68
"../../../Engine/Content/MobileResources/HUD/VirtualJoystick_Background.uexp" 69
"../../../Engine/Content/MobileResources/HUD/DefaultVirtualJoysticks.uasset" 70
"../../../Engine/Content/MobileResources/HUD/DefaultVirtualJoysticks.uexp" 71
"../../../Engine/Content/EngineResources/GradientTexture0.uasset" 72
"../../../Engine/Content/EngineResources/GradientTexture0.uexp" 73
"../../../Engine/Content/EngineResources/Black.uasset" 74
"../../../Engine/Content/EngineResources/Black.uexp" 75
"../../../Engine/Content/EditorResources/S_Actor.ubulk" 76
"../../../Engine/Content/EditorResources/S_Actor.uasset" 77
"../../../Engine/Content/EditorResources/S_Actor.uexp" 78
"../../../Engine/Content/EditorResources/S_Trigger.ubulk" 79
"../../../Engine/Content/EditorResources/S_Trigger.uasset" 80
"../../../Engine/Content/EditorResources/S_Trigger.uexp" 81
"../../../Engine/Content/EditorResources/S_BoxReflectionCapture.uasset" 82
"../../../Engine/Content/EditorResources/S_BoxReflectionCapture.uexp" 83
"../../../Engine/Content/EngineResources/DefaultTexture.ubulk" 84
"../../../Engine/Content/EngineResources/DefaultTexture.uasset" 85
"../../../Engine/Content/EngineResources/DefaultTexture.uexp" 86
"../../../Engine/Content/EditorResources/S_TriggerBox.uasset" 87
"../../../Engine/Content/EditorResources/S_TriggerBox.uexp" 88
"../../../Engine/Content/EditorResources/S_TriggerCapsule.uasset" 89
"../../../Engine/Content/EditorResources/S_TriggerCapsule.uexp" 90
"../../../Engine/Content/EditorResources/S_TriggerSphere.uasset" 91
"../../../Engine/Content/EditorResources/S_TriggerSphere.uexp" 92
"../../../Engine/Content/EngineMeshes/Sphere.ubulk" 93
"../../../Engine/Content/EngineMeshes/Sphere.uasset" 94
"../../../Engine/Content/EngineMeshes/Sphere.uexp" 95
"../../../Engine/Content/EngineResources/DefaultTextureCube.uasset" 96
"../../../Engine/Content/EngineResources/DefaultTextureCube.uexp" 97
"../../../Engine/Content/EngineResources/DefaultVolumeTexture2D.uasset" 98
"../../../Engine/Content/EngineResources/DefaultVolumeTexture2D.uexp" 99
"../../../Engine/Content/EngineResources/DefaultVolumeTexture.uasset" 100
"../../../Engine/Content/EngineResources/DefaultVolumeTexture.uexp" 101
"../../../Engine/Content/VREditor/TransformGizmo/Xray.uasset" 102
"../../../Engine/Content/VREditor/TransformGizmo/Xray.uexp" 103
"../../../Engine/Content/VREditor/TransformGizmo/Main.uasset" 104
"../../../Engine/Content/VREditor/TransformGizmo/Main.uexp" 105
"../../../Engine/Content/VREditor/TransformGizmo/SM_Sequencer_Node.ubulk" 106
"../../../Engine/Content/VREditor/TransformGizmo/SM_Sequencer_Node.uasset" 107
"../../../Engine/Content/VREditor/TransformGizmo/SM_Sequencer_Node.uexp" 108
"../../../Engine/Plugins/2D/Paper2D/Content/DefaultSpriteMaterial.uasset" 109
"../../../Engine/Plugins/2D/Paper2D/Content/DefaultSpriteMaterial.uexp" 110
"../../../Engine/Plugins/2D/Paper2D/Content/OpaqueUnlitSpriteMaterial.uasset" 111
"../../../Engine/Plugins/2D/Paper2D/Content/OpaqueUnlitSpriteMaterial.uexp" 112
"../../../Engine/Plugins/2D/Paper2D/Content/MaskedUnlitSpriteMaterial.uasset" 113
"../../../Engine/Plugins/2D/Paper2D/Content/MaskedUnlitSpriteMaterial.uexp" 114
"../../../Engine/Content/EditorResources/S_Solver.ubulk" 115
"../../../Engine/Content/EditorResources/S_Solver.uasset" 116
"../../../Engine/Content/EditorResources/S_Solver.uexp" 117
"../../../Engine/Plugins/NNE/NNEDenoiser/Content/NNE_oidn2-3-0_rt_hdr_calb_cnrm_large__dyn__fp16_opset11_ForwardAlpha.uasset" 118
"../../../Engine/Plugins/NNE/NNEDenoiser/Content/NNE_oidn2-3-0_rt_hdr_calb_cnrm_large__dyn__fp16_opset11_ForwardAlpha.uexp" 119
"../../../Engine/Plugins/NNE/NNEDenoiser/Content/NNE_oidn2-3-0_rt_hdr_calb_cnrm_large__dyn__fp16_opset11_DenoiseAlpha.uasset" 120
"../../../Engine/Plugins/NNE/NNEDenoiser/Content/NNE_oidn2-3-0_rt_hdr_calb_cnrm_large__dyn__fp16_opset11_DenoiseAlpha.uexp" 121
"../../../Engine/Plugins/NNE/NNEDenoiser/Content/NNE_oidn2-3-0_rt_hdr_alb_nrm__dyn__fp16_opset11_ForwardAlpha.uasset" 122
"../../../Engine/Plugins/NNE/NNEDenoiser/Content/NNE_oidn2-3-0_rt_hdr_alb_nrm__dyn__fp16_opset11_ForwardAlpha.uexp" 123
"../../../Engine/Plugins/NNE/NNEDenoiser/Content/NNE_oidn2-3-0_rt_hdr_alb_nrm__dyn__fp16_opset11_DenoiseAlpha.uasset" 124
"../../../Engine/Plugins/NNE/NNEDenoiser/Content/NNE_oidn2-3-0_rt_hdr_alb_nrm__dyn__fp16_opset11_DenoiseAlpha.uexp" 125
"../../../Engine/Plugins/NNE/NNEDenoiser/Content/NNE_oidn2-3-0_rt_hdr_alb_nrm_small__dyn__fp16_opset11_ForwardAlpha.uasset" 126
"../../../Engine/Plugins/NNE/NNEDenoiser/Content/NNE_oidn2-3-0_rt_hdr_alb_nrm_small__dyn__fp16_opset11_ForwardAlpha.uexp" 127
"../../../Engine/Plugins/NNE/NNEDenoiser/Content/NNE_oidn2-3-0_rt_hdr_alb_nrm_small__dyn__fp16_opset11_DenoiseAlpha.uasset" 128
"../../../Engine/Plugins/NNE/NNEDenoiser/Content/NNE_oidn2-3-0_rt_hdr_alb_nrm_small__dyn__fp16_opset11_DenoiseAlpha.uexp" 129
"../../../Engine/Plugins/NNE/NNEDenoiser/Content/NNEDTOM_Output_Default.uasset" 130
"../../../Engine/Plugins/NNE/NNEDenoiser/Content/NNEDTOM_Output_Default.uexp" 131
"../../../Engine/Plugins/NNE/NNEDenoiser/Content/NNEDTOM_Output_Alpha.uasset" 132
"../../../Engine/Plugins/NNE/NNEDenoiser/Content/NNEDTOM_Output_Alpha.uexp" 133
"../../../Engine/Plugins/NNE/NNEDenoiser/Content/NNEDTIM_ColorAlbedoNormal_Default.uasset" 134
"../../../Engine/Plugins/NNE/NNEDenoiser/Content/NNEDTIM_ColorAlbedoNormal_Default.uexp" 135
"../../../Engine/Plugins/NNE/NNEDenoiser/Content/NNEDTIM_ColorAlbedoNormal_Alpha.uasset" 136
"../../../Engine/Plugins/NNE/NNEDenoiser/Content/NNEDTIM_ColorAlbedoNormal_Alpha.uexp" 137
"../../../Engine/Plugins/NNE/NNEDenoiser/Content/NNEDOM_Output_Default.uasset" 138
"../../../Engine/Plugins/NNE/NNEDenoiser/Content/NNEDOM_Output_Default.uexp" 139
"../../../Engine/Plugins/NNE/NNEDenoiser/Content/NNEDOM_Output_Alpha.uasset" 140
"../../../Engine/Plugins/NNE/NNEDenoiser/Content/NNEDOM_Output_Alpha.uexp" 141
"../../../Engine/Plugins/NNE/NNEDenoiser/Content/NNEDIM_HighQuality_Default.uasset" 142
"../../../Engine/Plugins/NNE/NNEDenoiser/Content/NNEDIM_HighQuality_Default.uexp" 143
"../../../Engine/Plugins/NNE/NNEDenoiser/Content/NNEDIM_HighQuality_Alpha.uasset" 144
"../../../Engine/Plugins/NNE/NNEDenoiser/Content/NNEDIM_HighQuality_Alpha.uexp" 145
"../../../Engine/Plugins/NNE/NNEDenoiser/Content/NNEDIM_ColorAlbedoNormal_Default.uasset" 146
"../../../Engine/Plugins/NNE/NNEDenoiser/Content/NNEDIM_ColorAlbedoNormal_Default.uexp" 147
"../../../Engine/Plugins/NNE/NNEDenoiser/Content/NNEDIM_ColorAlbedoNormal_Alpha.uasset" 148
"../../../Engine/Plugins/NNE/NNEDenoiser/Content/NNEDIM_ColorAlbedoNormal_Alpha.uexp" 149
"../../../Engine/Content/EngineMaterials/T_Default_Material_Grid_M.ubulk" 150
"../../../Engine/Content/EngineMaterials/T_Default_Material_Grid_M.uasset" 151
"../../../Engine/Content/EngineMaterials/T_Default_Material_Grid_M.uexp" 152
"../../../Engine/Content/Functions/Engine_MaterialFunctions01/Opacity/CameraDepthFade.uasset" 153
"../../../Engine/Content/Functions/Engine_MaterialFunctions01/Opacity/CameraDepthFade.uexp" 154
"../../../Engine/Content/EngineMaterials/T_Default_Material_Grid_N.ubulk" 155
"../../../Engine/Content/EngineMaterials/T_Default_Material_Grid_N.uasset" 156
"../../../Engine/Content/EngineMaterials/T_Default_Material_Grid_N.uexp" 157
"../../../Engine/Content/EngineMaterials/WorldGridMaterial.uasset" 158
"../../../Engine/Content/EngineMaterials/WorldGridMaterial.uexp" 159
"../../../Engine/Plugins/Media/MediaPlate/Content/SM_MediaPlateScreen.ubulk" 160
"../../../Engine/Plugins/Media/MediaPlate/Content/SM_MediaPlateScreen.uasset" 161
"../../../Engine/Plugins/Media/MediaPlate/Content/SM_MediaPlateScreen.uexp" 162
"../../../Engine/Content/Functions/Engine_MaterialFunctions02/WorldPositionOffset/CameraOffset.uasset" 163
"../../../Engine/Content/Functions/Engine_MaterialFunctions02/WorldPositionOffset/CameraOffset.uexp" 164
"../../../Engine/Plugins/Animation/ControlRig/Content/M_Manip.uasset" 165
"../../../Engine/Plugins/Animation/ControlRig/Content/M_Manip.uexp" 166
"../../../Engine/Content/EngineMaterials/DefaultMaterial.uasset" 167
"../../../Engine/Content/EngineMaterials/DefaultMaterial.uexp" 168
"../../../Engine/Content/BasicShapes/Sphere.ubulk" 169
"../../../Engine/Content/BasicShapes/Sphere.uasset" 170
"../../../Engine/Content/BasicShapes/Sphere.uexp" 171
"../../../Engine/Content/BasicShapes/Plane.ubulk" 172
"../../../Engine/Content/BasicShapes/Plane.uasset" 173
"../../../Engine/Content/BasicShapes/Plane.uexp" 174
"../../../Engine/Content/BasicShapes/Cylinder.ubulk" 175
"../../../Engine/Content/BasicShapes/Cylinder.uasset" 176
"../../../Engine/Content/BasicShapes/Cylinder.uexp" 177
"../../../Engine/Content/BasicShapes/Cone.ubulk" 178
"../../../Engine/Content/BasicShapes/Cone.uasset" 179
"../../../Engine/Content/BasicShapes/Cone.uexp" 180
"../../../Engine/Content/BasicShapes/BasicShapeMaterial.uasset" 181
"../../../Engine/Content/BasicShapes/BasicShapeMaterial.uexp" 182
"../../../Engine/Content/EngineResources/WhiteSquareTexture.uasset" 183
"../../../Engine/Content/EngineResources/WhiteSquareTexture.uexp" 184
"../../../Engine/Content/EngineMaterials/Widget3DPassThrough.uasset" 185
"../../../Engine/Content/EngineMaterials/Widget3DPassThrough.uexp" 186
"../../../Engine/Content/EngineMaterials/Widget3DPassThrough_Translucent.uasset" 187
"../../../Engine/Content/EngineMaterials/Widget3DPassThrough_Translucent.uexp" 188
"../../../Engine/Content/EngineMaterials/Widget3DPassThrough_Translucent_OneSided.uasset" 189
"../../../Engine/Content/EngineMaterials/Widget3DPassThrough_Translucent_OneSided.uexp" 190
"../../../Engine/Content/EngineMaterials/Widget3DPassThrough_Opaque.uasset" 191
"../../../Engine/Content/EngineMaterials/Widget3DPassThrough_Opaque.uexp" 192
"../../../Engine/Content/EngineMaterials/Widget3DPassThrough_Opaque_OneSided.uasset" 193
"../../../Engine/Content/EngineMaterials/Widget3DPassThrough_Opaque_OneSided.uexp" 194
"../../../Engine/Content/EngineMaterials/Widget3DPassThrough_Masked_OneSided.uasset" 195
"../../../Engine/Content/EngineMaterials/Widget3DPassThrough_Masked_OneSided.uexp" 196
"../../../Engine/Content/EngineMaterials/Widget3DPassThrough_Masked.uasset" 197
"../../../Engine/Content/EngineMaterials/Widget3DPassThrough_Masked.uexp" 198
"../../../Engine/Content/EngineMaterials/WeightMapPlaceholderTexture.uasset" 199
"../../../Engine/Content/EngineMaterials/WeightMapPlaceholderTexture.uexp" 200
"../../../Engine/Content/EngineMaterials/WeightMapArrayPlaceholderTexture.uasset" 201
"../../../Engine/Content/EngineMaterials/WeightMapArrayPlaceholderTexture.uexp" 202
"../../../Engine/Content/EngineMaterials/RemoveSurfaceMaterial.uasset" 203
"../../../Engine/Content/EngineMaterials/RemoveSurfaceMaterial.uexp" 204
"../../../Engine/Content/EngineMaterials/PreintegratedSkinBRDF.uasset" 205
"../../../Engine/Content/EngineMaterials/PreintegratedSkinBRDF.uexp" 206
"../../../Engine/Content/EngineMaterials/DefaultCalibrationGrayscale.uasset" 207
"../../../Engine/Content/EngineMaterials/DefaultCalibrationGrayscale.uexp" 208
"../../../Engine/Content/EngineMaterials/PPM_DefaultCalibrationGrayscale.uasset" 209
"../../../Engine/Content/EngineMaterials/PPM_DefaultCalibrationGrayscale.uexp" 210
"../../../Engine/Content/EngineMaterials/DefaultCalibrationColor.uasset" 211
"../../../Engine/Content/EngineMaterials/DefaultCalibrationColor.uexp" 212
"../../../Engine/Content/EngineMaterials/PPM_DefaultCalibrationColor.uasset" 213
"../../../Engine/Content/EngineMaterials/PPM_DefaultCalibrationColor.uexp" 214
"../../../Engine/Content/EngineMaterials/PhAT_JointLimitMaterial.uasset" 215
"../../../Engine/Content/EngineMaterials/PhAT_JointLimitMaterial.uexp" 216
"../../../Engine/Content/EngineMaterials/NaniteHiddenSectionMaterial.uasset" 217
"../../../Engine/Content/EngineMaterials/NaniteHiddenSectionMaterial.uexp" 218
"../../../Engine/Content/EngineMaterials/InvalidLightmapSettings.ubulk" 219
"../../../Engine/Content/EngineMaterials/InvalidLightmapSettings.uasset" 220
"../../../Engine/Content/EngineMaterials/InvalidLightmapSettings.uexp" 221
"../../../Engine/Content/EngineMaterials/M_InvalidLightmapSettings.uasset" 222
"../../../Engine/Content/EngineMaterials/M_InvalidLightmapSettings.uexp" 223
"../../../Engine/Content/EngineMaterials/MiniFont.uasset" 224
"../../../Engine/Content/EngineMaterials/MiniFont.uexp" 225
"../../../Engine/Content/EngineMaterials/GizmoMaterial.uasset" 226
"../../../Engine/Content/EngineMaterials/GizmoMaterial.uexp" 227
"../../../Engine/Content/EngineMaterials/BaseFlattenDiffuseMap_VT.ubulk" 228
"../../../Engine/Content/EngineMaterials/BaseFlattenDiffuseMap_VT.uasset" 229
"../../../Engine/Content/EngineMaterials/BaseFlattenDiffuseMap_VT.uexp" 230
"../../../Engine/Content/EngineMaterials/BaseFlattenEmissiveMap_VT.ubulk" 231
"../../../Engine/Content/EngineMaterials/BaseFlattenEmissiveMap_VT.uasset" 232
"../../../Engine/Content/EngineMaterials/BaseFlattenEmissiveMap_VT.uexp" 233
"../../../Engine/Content/EngineMaterials/BaseFlattenGrayscaleMap_VT.ubulk" 234
"../../../Engine/Content/EngineMaterials/BaseFlattenGrayscaleMap_VT.uasset" 235
"../../../Engine/Content/EngineMaterials/BaseFlattenGrayscaleMap_VT.uexp" 236
"../../../Engine/Content/EngineMaterials/BaseFlattenLinearColor_VT.ubulk" 237
"../../../Engine/Content/EngineMaterials/BaseFlattenLinearColor_VT.uasset" 238
"../../../Engine/Content/EngineMaterials/BaseFlattenLinearColor_VT.uexp" 239
"../../../Engine/Content/EngineMaterials/BaseFlattenNormalMap_VT.ubulk" 240
"../../../Engine/Content/EngineMaterials/BaseFlattenNormalMap_VT.uasset" 241
"../../../Engine/Content/EngineMaterials/BaseFlattenNormalMap_VT.uexp" 242
"../../../Engine/Content/EngineMaterials/Black_1x1_EXR_Texture_VT.ubulk" 243
"../../../Engine/Content/EngineMaterials/Black_1x1_EXR_Texture_VT.uasset" 244
"../../../Engine/Content/EngineMaterials/Black_1x1_EXR_Texture_VT.uexp" 245
"../../../Engine/Content/EngineMaterials/FlattenMaterial_WS_Normal_VT.uasset" 246
"../../../Engine/Content/EngineMaterials/FlattenMaterial_WS_Normal_VT.uexp" 247
"../../../Engine/Content/EngineMaterials/FlattenMaterial_VT.uasset" 248
"../../../Engine/Content/EngineMaterials/FlattenMaterial_VT.uexp" 249
"../../../Engine/Content/EngineMaterials/BaseFlattenNormalMap.uasset" 250
"../../../Engine/Content/EngineMaterials/BaseFlattenNormalMap.uexp" 251
"../../../Engine/Content/EngineMaterials/BaseFlattenDiffuseMap.uasset" 252
"../../../Engine/Content/EngineMaterials/BaseFlattenDiffuseMap.uexp" 253
"../../../Engine/Content/EngineMaterials/BaseFlattenEmissiveMap.uasset" 254
"../../../Engine/Content/EngineMaterials/BaseFlattenEmissiveMap.uexp" 255
"../../../Engine/Content/EngineMaterials/BaseFlattenGrayscaleMap.uasset" 256
"../../../Engine/Content/EngineMaterials/BaseFlattenGrayscaleMap.uexp" 257
"../../../Engine/Content/EngineMaterials/BaseFlattenLinearColor.uasset" 258
"../../../Engine/Content/EngineMaterials/BaseFlattenLinearColor.uexp" 259
"../../../Engine/Content/Functions/Engine_MaterialFunctions02/PivotPainter2/Black_1x1_EXR_Texture.uasset" 260
"../../../Engine/Content/Functions/Engine_MaterialFunctions02/PivotPainter2/Black_1x1_EXR_Texture.uexp" 261
"../../../Engine/Content/EngineMaterials/FlattenMaterial.uasset" 262
"../../../Engine/Content/EngineMaterials/FlattenMaterial.uexp" 263
"../../../Engine/Content/EngineMaterials/FastBlueNoise_vec2_128x128x64.uasset" 264
"../../../Engine/Content/EngineMaterials/FastBlueNoise_vec2_128x128x64.uexp" 265
"../../../Engine/Content/EngineMaterials/FastBlueNoise_scalar_128x128x8.uasset" 266
"../../../Engine/Content/EngineMaterials/FastBlueNoise_scalar_128x128x8.uexp" 267
"../../../Engine/Content/EngineMaterials/FastBlueNoise_scalar_128x128x64.uasset" 268
"../../../Engine/Content/EngineMaterials/FastBlueNoise_scalar_128x128x64.uexp" 269
"../../../Engine/Content/EngineMaterials/DefaultWhiteGrid_Low.uasset" 270
"../../../Engine/Content/EngineMaterials/DefaultWhiteGrid_Low.uexp" 271
"../../../Engine/Content/EngineMaterials/EmissiveMeshMaterial.uasset" 272
"../../../Engine/Content/EngineMaterials/EmissiveMeshMaterial.uexp" 273
"../../../Engine/Content/EngineMaterials/DefaultWhiteGrid.ubulk" 274
"../../../Engine/Content/EngineMaterials/DefaultWhiteGrid.uasset" 275
"../../../Engine/Content/EngineMaterials/DefaultWhiteGrid.uexp" 276
"../../../Engine/Content/EngineFonts/RobotoDistanceField.uasset" 277
"../../../Engine/Content/EngineFonts/RobotoDistanceField.uexp" 278
"../../../Engine/Content/EngineMaterials/DefaultTextMaterialOpaque.uasset" 279
"../../../Engine/Content/EngineMaterials/DefaultTextMaterialOpaque.uexp" 280
"../../../Engine/Content/Functions/Engine_MaterialFunctions02/Utility/BreakOutFloat2Components.uasset" 281
"../../../Engine/Content/Functions/Engine_MaterialFunctions02/Utility/BreakOutFloat2Components.uexp" 282
"../../../Engine/Content/EngineMaterials/DefaultDiffuse.ubulk" 283
"../../../Engine/Content/EngineMaterials/DefaultDiffuse.uasset" 284
"../../../Engine/Content/EngineMaterials/DefaultDiffuse.uexp" 285
"../../../Engine/Content/EngineMaterials/DefaultPostProcessMaterial.uasset" 286
"../../../Engine/Content/EngineMaterials/DefaultPostProcessMaterial.uexp" 287
"../../../Engine/Content/EngineMaterials/DefaultLightFunctionMaterial.uasset" 288
"../../../Engine/Content/EngineMaterials/DefaultLightFunctionMaterial.uexp" 289
"../../../Engine/Content/EngineMaterials/DefaultDeferredDecalMaterial.uasset" 290
"../../../Engine/Content/EngineMaterials/DefaultDeferredDecalMaterial.uexp" 291
"../../../Engine/Content/EngineMaterials/DefaultBokeh.uasset" 292
"../../../Engine/Content/EngineMaterials/DefaultBokeh.uexp" 293
"../../../Engine/Content/EngineMaterials/DefaultBloomKernel.uasset" 294
"../../../Engine/Content/EngineMaterials/DefaultBloomKernel.uexp" 295
"../../../Engine/Content/Functions/Engine_MaterialFunctions02/Utility/CameraDirectionVector.uasset" 296
"../../../Engine/Content/Functions/Engine_MaterialFunctions02/Utility/CameraDirectionVector.uexp" 297
"../../../Engine/Content/EngineDebugMaterials/VolumeToRender.uasset" 298
"../../../Engine/Content/EngineDebugMaterials/VolumeToRender.uexp" 299
"../../../Engine/Content/EngineDebugMaterials/M_VolumeRenderSphereTracePP.uasset" 300
"../../../Engine/Content/EngineDebugMaterials/M_VolumeRenderSphereTracePP.uexp" 301
"../../../Engine/Content/EngineDebugMaterials/M_SimpleUnlitTranslucent.uasset" 302
"../../../Engine/Content/EngineDebugMaterials/M_SimpleUnlitTranslucent.uexp" 303
"../../../Engine/Content/EngineDebugMaterials/DebugMeshMaterial.uasset" 304
"../../../Engine/Content/EngineDebugMaterials/DebugMeshMaterial.uexp" 305
"../../../Engine/Content/EngineDebugMaterials/DebugEditorMaterial.uasset" 306
"../../../Engine/Content/EngineDebugMaterials/DebugEditorMaterial.uexp" 307
"../../../Engine/Content/EngineDamageTypes/DmgTypeBP_Environmental.uasset" 308
"../../../Engine/Content/EngineDamageTypes/DmgTypeBP_Environmental.uexp" 309
"../../../Engine/Content/EditorResources/S_Terrain.ubulk" 310
"../../../Engine/Content/EditorResources/S_Terrain.uasset" 311
"../../../Engine/Content/EditorResources/S_Terrain.uexp" 312
"../../../Engine/Content/EditorResources/BSPVertex.uasset" 313
"../../../Engine/Content/EditorResources/BSPVertex.uexp" 314
"../../../Engine/Content/EditorMaterials/PreviewShadowIndicator.ubulk" 315
"../../../Engine/Content/EditorMaterials/PreviewShadowIndicator.uasset" 316
"../../../Engine/Content/EditorMaterials/PreviewShadowIndicator.uexp" 317
"../../../Engine/Content/EditorMaterials/PreviewShadowIndicatorMaterial.uasset" 318
"../../../Engine/Content/EditorMaterials/PreviewShadowIndicatorMaterial.uexp" 319
"../../../Engine/Content/EditorMaterials/PhAT_UnselectedMaterial.uasset" 320
"../../../Engine/Content/EditorMaterials/PhAT_UnselectedMaterial.uexp" 321
"../../../Engine/Content/EditorMaterials/PhAT_NoCollisionMaterial.uasset" 322
"../../../Engine/Content/EditorMaterials/PhAT_NoCollisionMaterial.uexp" 323
"../../../Engine/Content/EditorLandscapeResources/SplineEditorMeshMat.uasset" 324
"../../../Engine/Content/EditorLandscapeResources/SplineEditorMeshMat.uexp" 325
"../../../Engine/Content/EditorLandscapeResources/SplineEditorMesh.ubulk" 326
"../../../Engine/Content/EditorLandscapeResources/SplineEditorMesh.uasset" 327
"../../../Engine/Content/EditorLandscapeResources/SplineEditorMesh.uexp" 328
"../../../Engine/Content/EditorLandscapeResources/WhiteSquareTexture.uasset" 329
"../../../Engine/Content/EditorLandscapeResources/WhiteSquareTexture.uexp" 330
"../../../Engine/Content/EditorLandscapeResources/DefaultAlphaTexture.uasset" 331
"../../../Engine/Content/EditorLandscapeResources/DefaultAlphaTexture.uexp" 332
"../../../Engine/Content/Functions/Engine_MaterialFunctions03/Math/WithinRangeFloat2.uasset" 333
"../../../Engine/Content/Functions/Engine_MaterialFunctions03/Math/WithinRangeFloat2.uexp" 334
"../../../Engine/Content/EditorLandscapeResources/SelectBrushMaterial.uasset" 335
"../../../Engine/Content/EditorLandscapeResources/SelectBrushMaterial.uexp" 336
"../../../Engine/Content/EditorLandscapeResources/SelectBrushMaterial_SelectedRegion.uasset" 337
"../../../Engine/Content/EditorLandscapeResources/SelectBrushMaterial_SelectedRegion.uexp" 338
"../../../Engine/Content/EditorLandscapeResources/SelectBrushMaterial_Selected.uasset" 339
"../../../Engine/Content/EditorLandscapeResources/SelectBrushMaterial_Selected.uexp" 340
"../../../Engine/Content/Functions/Engine_MaterialFunctions02/Utility/MakeFloat3.uasset" 341
"../../../Engine/Content/Functions/Engine_MaterialFunctions02/Utility/MakeFloat3.uexp" 342
"../../../Engine/Content/EditorLandscapeResources/MaskBrushMaterial.uasset" 343
"../../../Engine/Content/EditorLandscapeResources/MaskBrushMaterial.uexp" 344
"../../../Engine/Content/EditorLandscapeResources/MaskBrushMaterial_MaskedRegion.uasset" 345
"../../../Engine/Content/EditorLandscapeResources/MaskBrushMaterial_MaskedRegion.uexp" 346
"../../../Engine/Content/EditorLandscapeResources/LayerVisMaterial.uasset" 347
"../../../Engine/Content/EditorLandscapeResources/LayerVisMaterial.uexp" 348
"../../../Engine/Content/Functions/Engine_MaterialFunctions02/WorldPositionOffset/LocalPosition.uasset" 349
"../../../Engine/Content/Functions/Engine_MaterialFunctions02/WorldPositionOffset/LocalPosition.uexp" 350
"../../../Engine/Content/Functions/Engine_MaterialFunctions01/Texturing/ScaleUVsByCenter.uasset" 351
"../../../Engine/Content/Functions/Engine_MaterialFunctions01/Texturing/ScaleUVsByCenter.uexp" 352
"../../../Engine/Content/Functions/Engine_MaterialFunctions01/Texturing/TextureCropping.uasset" 353
"../../../Engine/Content/Functions/Engine_MaterialFunctions01/Texturing/TextureCropping.uexp" 354
"../../../Engine/Content/Functions/Engine_MaterialFunctions02/ExampleContent/DebugNumberStrip.uasset" 355
"../../../Engine/Content/Functions/Engine_MaterialFunctions02/ExampleContent/DebugNumberStrip.uexp" 356
"../../../Engine/Content/Functions/Engine_MaterialFunctions01/Debug/DebugIntValues.uasset" 357
"../../../Engine/Content/Functions/Engine_MaterialFunctions01/Debug/DebugIntValues.uexp" 358
"../../../Engine/Content/EditorLandscapeResources/LandscapeLayerUsageMaterial.uasset" 359
"../../../Engine/Content/EditorLandscapeResources/LandscapeLayerUsageMaterial.uexp" 360
"../../../Engine/Content/EditorLandscapeResources/LandscapeDirtyMaterial.uasset" 361
"../../../Engine/Content/EditorLandscapeResources/LandscapeDirtyMaterial.uexp" 362
"../../../Engine/Content/EditorLandscapeResources/ColorMaskBrushMaterial.uasset" 363
"../../../Engine/Content/EditorLandscapeResources/ColorMaskBrushMaterial.uexp" 364
"../../../Engine/Content/EditorLandscapeResources/ColorMaskBrushMaterial_MaskedRegion.uasset" 365
"../../../Engine/Content/EditorLandscapeResources/ColorMaskBrushMaterial_MaskedRegion.uexp" 366
"../../../Engine/Plugins/VirtualProduction/CameraCalibrationCore/Content/Materials/M_DefaultOddSquare.uasset" 367
"../../../Engine/Plugins/VirtualProduction/CameraCalibrationCore/Content/Materials/M_DefaultOddSquare.uexp" 368
"../../../Engine/Plugins/VirtualProduction/CameraCalibrationCore/Content/Materials/M_DefaultEvenSquare.uasset" 369
"../../../Engine/Plugins/VirtualProduction/CameraCalibrationCore/Content/Materials/M_DefaultEvenSquare.uexp" 370
"../../../Engine/Plugins/Runtime/HairStrands/Content/Materials/HairMeshesDefaultMaterial.uasset" 371
"../../../Engine/Plugins/Runtime/HairStrands/Content/Materials/HairMeshesDefaultMaterial.uexp" 372
"../../../Engine/Plugins/Runtime/HairStrands/Content/Materials/HairDefaultMaterial.uasset" 373
"../../../Engine/Plugins/Runtime/HairStrands/Content/Materials/HairDefaultMaterial.uexp" 374
"../../../Engine/Content/Functions/Engine_MaterialFunctions02/Utility/MakeFloat2.uasset" 375
"../../../Engine/Content/Functions/Engine_MaterialFunctions02/Utility/MakeFloat2.uexp" 376
"../../../Engine/Content/EngineMaterials/HairDebugColor.uasset" 377
"../../../Engine/Content/EngineMaterials/HairDebugColor.uexp" 378
"../../../Engine/Content/EngineMaterials/HairColorMap.uasset" 379
"../../../Engine/Content/EngineMaterials/HairColorMap.uexp" 380
"../../../Engine/Plugins/Runtime/HairStrands/Content/Materials/HairGroupColors.uasset" 381
"../../../Engine/Plugins/Runtime/HairStrands/Content/Materials/HairGroupColors.uexp" 382
"../../../Engine/Plugins/Runtime/HairStrands/Content/Materials/HairDebugMaterial.uasset" 383
"../../../Engine/Plugins/Runtime/HairStrands/Content/Materials/HairDebugMaterial.uexp" 384
"../../../Engine/Plugins/Runtime/HairStrands/Content/Materials/HairCardsDefaultMaterial.uasset" 385
"../../../Engine/Plugins/Runtime/HairStrands/Content/Materials/HairCardsDefaultMaterial.uexp" 386
"../../../Engine/Plugins/Runtime/AudioWidgets/Content/Resources/ScrubHandleDown_Clamped.uasset" 387
"../../../Engine/Plugins/Runtime/AudioWidgets/Content/Resources/ScrubHandleDown_Clamped.uexp" 388
"../../../Engine/Plugins/Interchange/Assets/Content/Functions/MX_UsdPreviewSurface.uasset" 389
"../../../Engine/Plugins/Interchange/Assets/Content/Functions/MX_UsdPreviewSurface.uexp" 390
"../../../Engine/Plugins/Interchange/Assets/Content/Functions/MX_UniformEDF.uasset" 391
"../../../Engine/Plugins/Interchange/Assets/Content/Functions/MX_UniformEDF.uexp" 392
"../../../Engine/Plugins/Interchange/Assets/Content/Functions/MX_TranslucentBSDF.uasset" 393
"../../../Engine/Plugins/Interchange/Assets/Content/Functions/MX_TranslucentBSDF.uexp" 394
"../../../Engine/Plugins/Interchange/Assets/Content/Functions/MX_ThinFilmBSDF.uasset" 395
"../../../Engine/Plugins/Interchange/Assets/Content/Functions/MX_ThinFilmBSDF.uexp" 396
"../../../Engine/Plugins/Interchange/Assets/Content/Functions/MX_SurfaceUnlit.uasset" 397
"../../../Engine/Plugins/Interchange/Assets/Content/Functions/MX_SurfaceUnlit.uexp" 398
"../../../Engine/Plugins/Interchange/Assets/Content/Functions/MX_Surface.uasset" 399
"../../../Engine/Plugins/Interchange/Assets/Content/Functions/MX_Surface.uexp" 400
"../../../Engine/Plugins/Interchange/Assets/Content/Functions/MX_SubsurfaceBSDF.uasset" 401
"../../../Engine/Plugins/Interchange/Assets/Content/Functions/MX_SubsurfaceBSDF.uexp" 402
"../../../Engine/Plugins/Interchange/Assets/Content/Functions/MX_SheenBSDF.uasset" 403
"../../../Engine/Plugins/Interchange/Assets/Content/Functions/MX_SheenBSDF.uexp" 404
"../../../Engine/Plugins/Interchange/Assets/Content/Functions/MX_OrenNayarBSDF.uasset" 405
"../../../Engine/Plugins/Interchange/Assets/Content/Functions/MX_OrenNayarBSDF.uexp" 406
"../../../Engine/Plugins/Interchange/Assets/Content/Functions/MF_IridescenceNoLUT.uasset" 407
"../../../Engine/Plugins/Interchange/Assets/Content/Functions/MF_IridescenceNoLUT.uexp" 408
"../../../Engine/Plugins/Interchange/Assets/Content/Functions/MX_StandardSurface.uasset" 409
"../../../Engine/Plugins/Interchange/Assets/Content/Functions/MX_StandardSurface.uexp" 410
"../../../Engine/Plugins/Interchange/Assets/Content/Functions/MX_TransmissionSurface.uasset" 411
"../../../Engine/Plugins/Interchange/Assets/Content/Functions/MX_TransmissionSurface.uexp" 412
"../../../Engine/Plugins/Interchange/Assets/Content/Functions/MX_OpenPBR_Translucent.uasset" 413
"../../../Engine/Plugins/Interchange/Assets/Content/Functions/MX_OpenPBR_Translucent.uexp" 414
"../../../Engine/Plugins/Interchange/Assets/Content/Functions/MX_OpenPBR_Opaque.uasset" 415
"../../../Engine/Plugins/Interchange/Assets/Content/Functions/MX_OpenPBR_Opaque.uexp" 416
"../../../Engine/Plugins/Interchange/Assets/Content/Functions/MX_MeasuredEDF.uasset" 417
"../../../Engine/Plugins/Interchange/Assets/Content/Functions/MX_MeasuredEDF.uexp" 418
"../../../Engine/Plugins/Interchange/Assets/Content/Functions/MX_GeneralizedSchlickBSDF.uasset" 419
"../../../Engine/Plugins/Interchange/Assets/Content/Functions/MX_GeneralizedSchlickBSDF.uexp" 420
"../../../Engine/Plugins/Interchange/Assets/Content/Functions/MX_Displacement.uasset" 421
"../../../Engine/Plugins/Interchange/Assets/Content/Functions/MX_Displacement.uexp" 422
"../../../Engine/Plugins/Interchange/Assets/Content/Functions/MX_DielectricBSDF.uasset" 423
"../../../Engine/Plugins/Interchange/Assets/Content/Functions/MX_DielectricBSDF.uexp" 424
"../../../Engine/Plugins/Interchange/Assets/Content/Functions/MX_ConicalEDF.uasset" 425
"../../../Engine/Plugins/Interchange/Assets/Content/Functions/MX_ConicalEDF.uexp" 426
"../../../Engine/Plugins/Interchange/Assets/Content/Functions/MX_ConductorBSDF.uasset" 427
"../../../Engine/Plugins/Interchange/Assets/Content/Functions/MX_ConductorBSDF.uexp" 428
"../../../Engine/Plugins/Interchange/Assets/Content/Functions/MX_BurleyDiffuseBSDF.uasset" 429
"../../../Engine/Plugins/Interchange/Assets/Content/Functions/MX_BurleyDiffuseBSDF.uexp" 430
"../../../Engine/Plugins/Interchange/Assets/Content/Functions/MX_AnisotropicVDF.uasset" 431
"../../../Engine/Plugins/Interchange/Assets/Content/Functions/MX_AnisotropicVDF.uexp" 432
"../../../Engine/Plugins/Interchange/Assets/Content/Functions/MX_AbsorptionVDF.uasset" 433
"../../../Engine/Plugins/Interchange/Assets/Content/Functions/MX_AbsorptionVDF.uexp" 434
"../../../Engine/Content/Functions/Engine_MaterialFunctions02/Utility/VectorLength.uasset" 435
"../../../Engine/Content/Functions/Engine_MaterialFunctions02/Utility/VectorLength.uexp" 436
"../../../Engine/Content/Functions/Engine_MaterialFunctions02/Utility/BreakOutFloat3Components.uasset" 437
"../../../Engine/Content/Functions/Engine_MaterialFunctions02/Utility/BreakOutFloat3Components.uexp" 438
"../../../Engine/Content/Functions/Engine_MaterialFunctions02/WorldPositionOffset/ObjectScale.uasset" 439
"../../../Engine/Content/Functions/Engine_MaterialFunctions02/WorldPositionOffset/ObjectScale.uexp" 440
"../../../Engine/Content/Functions/Engine_MaterialFunctions02/SafeNormalize.uasset" 441
"../../../Engine/Content/Functions/Engine_MaterialFunctions02/SafeNormalize.uexp" 442
"../../../Engine/Plugins/Editor/SpeedTreeImporter/Content/SpeedTree9/UnpackInteger3.uasset" 443
"../../../Engine/Plugins/Editor/SpeedTreeImporter/Content/SpeedTree9/UnpackInteger3.uexp" 444
"../../../Engine/Plugins/Editor/SpeedTreeImporter/Content/SpeedTree9/UnpackDirection.uasset" 445
"../../../Engine/Plugins/Editor/SpeedTreeImporter/Content/SpeedTree9/UnpackDirection.uexp" 446
"../../../Engine/Plugins/Editor/SpeedTreeImporter/Content/SpeedTree9/game_wind_noise.ubulk" 447
"../../../Engine/Plugins/Editor/SpeedTreeImporter/Content/SpeedTree9/game_wind_noise.uasset" 448
"../../../Engine/Plugins/Editor/SpeedTreeImporter/Content/SpeedTree9/game_wind_noise.uexp" 449
"../../../Engine/Plugins/Editor/SpeedTreeImporter/Content/SpeedTree9/SpeedTreeWindMotion.uasset" 450
"../../../Engine/Plugins/Editor/SpeedTreeImporter/Content/SpeedTree9/SpeedTreeWindMotion.uexp" 451
"../../../Engine/Plugins/Editor/SpeedTreeImporter/Content/SpeedTree9/SpeedTreeBranchMotion.uasset" 452
"../../../Engine/Plugins/Editor/SpeedTreeImporter/Content/SpeedTree9/SpeedTreeBranchMotion.uexp" 453
"../../../Engine/Content/Functions/Engine_MaterialFunctions02/ObjectLocalBounds.uasset" 454
"../../../Engine/Content/Functions/Engine_MaterialFunctions02/ObjectLocalBounds.uexp" 455
"../../../Engine/Content/Functions/Engine_MaterialFunctions02/UVs/BoundingBoxBased_0-1_UVW.uasset" 456
"../../../Engine/Content/Functions/Engine_MaterialFunctions02/UVs/BoundingBoxBased_0-1_UVW.uexp" 457
"../../../Engine/Plugins/Editor/SpeedTreeImporter/Content/SpeedTree9/SpeedTreeWind.uasset" 458
"../../../Engine/Plugins/Editor/SpeedTreeImporter/Content/SpeedTree9/SpeedTreeWind.uexp" 459
"../../../Engine/Plugins/Editor/SpeedTreeImporter/Content/SpeedTree9/SpeedTreeCameraFacing.uasset" 460
"../../../Engine/Plugins/Editor/SpeedTreeImporter/Content/SpeedTree9/SpeedTreeCameraFacing.uexp" 461
"../../../Engine/Plugins/Editor/SpeedTreeImporter/Content/SpeedTree9/EmptyNormal.uasset" 462
"../../../Engine/Plugins/Editor/SpeedTreeImporter/Content/SpeedTree9/EmptyNormal.uexp" 463
"../../../Engine/Plugins/Editor/SpeedTreeImporter/Content/SpeedTree9/Empty.uasset" 464
"../../../Engine/Plugins/Editor/SpeedTreeImporter/Content/SpeedTree9/Empty.uexp" 465
"../../../Engine/Plugins/Editor/SpeedTreeImporter/Content/SpeedTree9/SpeedTreeMaster.uasset" 466
"../../../Engine/Plugins/Editor/SpeedTreeImporter/Content/SpeedTree9/SpeedTreeMaster.uexp" 467
"../../../Engine/Plugins/Editor/SpeedTreeImporter/Content/SpeedTree9/SpeedTreeBillboard.uasset" 468
"../../../Engine/Plugins/Editor/SpeedTreeImporter/Content/SpeedTree9/SpeedTreeBillboard.uexp" 469
"../../../Engine/Plugins/Editor/SpeedTreeImporter/Content/SpeedTree9/SpeedTreeBillboardMaster.uasset" 470
"../../../Engine/Plugins/Editor/SpeedTreeImporter/Content/SpeedTree9/SpeedTreeBillboardMaster.uexp" 471
"../../../Engine/Plugins/Animation/ControlRig/Content/Controls/ControlRig_Wedge_solid.ubulk" 472
"../../../Engine/Plugins/Animation/ControlRig/Content/Controls/ControlRig_Wedge_solid.uasset" 473
"../../../Engine/Plugins/Animation/ControlRig/Content/Controls/ControlRig_Wedge_solid.uexp" 474
"../../../Engine/Plugins/Animation/ControlRig/Content/Controls/ControlRig_Wedge_3mm.ubulk" 475
"../../../Engine/Plugins/Animation/ControlRig/Content/Controls/ControlRig_Wedge_3mm.uasset" 476
"../../../Engine/Plugins/Animation/ControlRig/Content/Controls/ControlRig_Wedge_3mm.uexp" 477
"../../../Engine/Plugins/Animation/ControlRig/Content/Controls/ControlRig_Wedge_1mm.ubulk" 478
"../../../Engine/Plugins/Animation/ControlRig/Content/Controls/ControlRig_Wedge_1mm.uasset" 479
"../../../Engine/Plugins/Animation/ControlRig/Content/Controls/ControlRig_Wedge_1mm.uexp" 480
"../../../Engine/Plugins/Animation/ControlRig/Content/Controls/ControlRig_Triangle_solid.ubulk" 481
"../../../Engine/Plugins/Animation/ControlRig/Content/Controls/ControlRig_Triangle_solid.uasset" 482
"../../../Engine/Plugins/Animation/ControlRig/Content/Controls/ControlRig_Triangle_solid.uexp" 483
"../../../Engine/Plugins/Animation/ControlRig/Content/Controls/ControlRig_Triangle_3mm.ubulk" 484
"../../../Engine/Plugins/Animation/ControlRig/Content/Controls/ControlRig_Triangle_3mm.uasset" 485
"../../../Engine/Plugins/Animation/ControlRig/Content/Controls/ControlRig_Triangle_3mm.uexp" 486
"../../../Engine/Plugins/Animation/ControlRig/Content/Controls/ControlRig_Triangle_1mm.ubulk" 487
"../../../Engine/Plugins/Animation/ControlRig/Content/Controls/ControlRig_Triangle_1mm.uasset" 488
"../../../Engine/Plugins/Animation/ControlRig/Content/Controls/ControlRig_Triangle_1mm.uexp" 489
"../../../Engine/Plugins/Animation/ControlRig/Content/Controls/ControlRig_Star4_solid.ubulk" 490
"../../../Engine/Plugins/Animation/ControlRig/Content/Controls/ControlRig_Star4_solid.uasset" 491
"../../../Engine/Plugins/Animation/ControlRig/Content/Controls/ControlRig_Star4_solid.uexp" 492
"../../../Engine/Plugins/Animation/ControlRig/Content/Controls/ControlRig_Star4_3mm.ubulk" 493
"../../../Engine/Plugins/Animation/ControlRig/Content/Controls/ControlRig_Star4_3mm.uasset" 494
"../../../Engine/Plugins/Animation/ControlRig/Content/Controls/ControlRig_Star4_3mm.uexp" 495
"../../../Engine/Plugins/Animation/ControlRig/Content/Controls/ControlRig_Star4_1mm.ubulk" 496
"../../../Engine/Plugins/Animation/ControlRig/Content/Controls/ControlRig_Star4_1mm.uasset" 497
"../../../Engine/Plugins/Animation/ControlRig/Content/Controls/ControlRig_Star4_1mm.uexp" 498
"../../../Engine/Plugins/Animation/ControlRig/Content/Controls/ControlRig_Square_solid.ubulk" 499
"../../../Engine/Plugins/Animation/ControlRig/Content/Controls/ControlRig_Square_solid.uasset" 500
"../../../Engine/Plugins/Animation/ControlRig/Content/Controls/ControlRig_Square_solid.uexp" 501
"../../../Engine/Plugins/Animation/ControlRig/Content/Controls/ControlRig_Square_3mm.ubulk" 502
"../../../Engine/Plugins/Animation/ControlRig/Content/Controls/ControlRig_Square_3mm.uasset" 503
"../../../Engine/Plugins/Animation/ControlRig/Content/Controls/ControlRig_Square_3mm.uexp" 504
"../../../Engine/Plugins/Animation/ControlRig/Content/Controls/ControlRig_Square_1mm.ubulk" 505
"../../../Engine/Plugins/Animation/ControlRig/Content/Controls/ControlRig_Square_1mm.uasset" 506
"../../../Engine/Plugins/Animation/ControlRig/Content/Controls/ControlRig_Square_1mm.uexp" 507
"../../../Engine/Plugins/Animation/ControlRig/Content/Controls/ControlRig_Sphere_solid.ubulk" 508
"../../../Engine/Plugins/Animation/ControlRig/Content/Controls/ControlRig_Sphere_solid.uasset" 509
"../../../Engine/Plugins/Animation/ControlRig/Content/Controls/ControlRig_Sphere_solid.uexp" 510
"../../../Engine/Plugins/Animation/ControlRig/Content/Controls/ControlRig_Sphere_3mm.ubulk" 511
"../../../Engine/Plugins/Animation/ControlRig/Content/Controls/ControlRig_Sphere_3mm.uasset" 512
"../../../Engine/Plugins/Animation/ControlRig/Content/Controls/ControlRig_Sphere_3mm.uexp" 513
"../../../Engine/Plugins/Animation/ControlRig/Content/Controls/ControlRig_Sphere_1mm.ubulk" 514
"../../../Engine/Plugins/Animation/ControlRig/Content/Controls/ControlRig_Sphere_1mm.uasset" 515
"../../../Engine/Plugins/Animation/ControlRig/Content/Controls/ControlRig_Sphere_1mm.uexp" 516
"../../../Engine/Plugins/Animation/ControlRig/Content/Controls/ControlRig_RoundedTriangle_solid.ubulk" 517
"../../../Engine/Plugins/Animation/ControlRig/Content/Controls/ControlRig_RoundedTriangle_solid.uasset" 518
"../../../Engine/Plugins/Animation/ControlRig/Content/Controls/ControlRig_RoundedTriangle_solid.uexp" 519
"../../../Engine/Plugins/Animation/ControlRig/Content/Controls/ControlRig_RoundedTriangle_3mm.ubulk" 520
"../../../Engine/Plugins/Animation/ControlRig/Content/Controls/ControlRig_RoundedTriangle_3mm.uasset" 521
"../../../Engine/Plugins/Animation/ControlRig/Content/Controls/ControlRig_RoundedTriangle_3mm.uexp" 522
"../../../Engine/Plugins/Animation/ControlRig/Content/Controls/ControlRig_RoundedTriangle_1mm.ubulk" 523
"../../../Engine/Plugins/Animation/ControlRig/Content/Controls/ControlRig_RoundedTriangle_1mm.uasset" 524
"../../../Engine/Plugins/Animation/ControlRig/Content/Controls/ControlRig_RoundedTriangle_1mm.uexp" 525
"../../../Engine/Plugins/Animation/ControlRig/Content/Controls/ControlRig_RoundedSquare_solid.ubulk" 526
"../../../Engine/Plugins/Animation/ControlRig/Content/Controls/ControlRig_RoundedSquare_solid.uasset" 527
"../../../Engine/Plugins/Animation/ControlRig/Content/Controls/ControlRig_RoundedSquare_solid.uexp" 528
"../../../Engine/Plugins/Animation/ControlRig/Content/Controls/ControlRig_RoundedSquare_3mm.ubulk" 529
"../../../Engine/Plugins/Animation/ControlRig/Content/Controls/ControlRig_RoundedSquare_3mm.uasset" 530
"../../../Engine/Plugins/Animation/ControlRig/Content/Controls/ControlRig_RoundedSquare_3mm.uexp" 531
"../../../Engine/Plugins/Animation/ControlRig/Content/Controls/ControlRig_RoundedSquare_1mm.ubulk" 532
"../../../Engine/Plugins/Animation/ControlRig/Content/Controls/ControlRig_RoundedSquare_1mm.uasset" 533
"../../../Engine/Plugins/Animation/ControlRig/Content/Controls/ControlRig_RoundedSquare_1mm.uexp" 534
"../../../Engine/Plugins/Animation/ControlRig/Content/Controls/ControlRig_QuarterCircle_solid.ubulk" 535
"../../../Engine/Plugins/Animation/ControlRig/Content/Controls/ControlRig_QuarterCircle_solid.uasset" 536
"../../../Engine/Plugins/Animation/ControlRig/Content/Controls/ControlRig_QuarterCircle_solid.uexp" 537
"../../../Engine/Plugins/Animation/ControlRig/Content/Controls/ControlRig_QuarterCircle_3mm.ubulk" 538
"../../../Engine/Plugins/Animation/ControlRig/Content/Controls/ControlRig_QuarterCircle_3mm.uasset" 539
"../../../Engine/Plugins/Animation/ControlRig/Content/Controls/ControlRig_QuarterCircle_3mm.uexp" 540
"../../../Engine/Plugins/Animation/ControlRig/Content/Controls/ControlRig_QuarterCircle_1mm.ubulk" 541
"../../../Engine/Plugins/Animation/ControlRig/Content/Controls/ControlRig_QuarterCircle_1mm.uasset" 542
"../../../Engine/Plugins/Animation/ControlRig/Content/Controls/ControlRig_QuarterCircle_1mm.uexp" 543
"../../../Engine/Plugins/Animation/ControlRig/Content/Controls/ControlRig_Pyramid_solid.ubulk" 544
"../../../Engine/Plugins/Animation/ControlRig/Content/Controls/ControlRig_Pyramid_solid.uasset" 545
"../../../Engine/Plugins/Animation/ControlRig/Content/Controls/ControlRig_Pyramid_solid.uexp" 546
"../../../Engine/Plugins/Animation/ControlRig/Content/Controls/ControlRig_Pyramid_3mm.ubulk" 547
"../../../Engine/Plugins/Animation/ControlRig/Content/Controls/ControlRig_Pyramid_3mm.uasset" 548
"../../../Engine/Plugins/Animation/ControlRig/Content/Controls/ControlRig_Pyramid_3mm.uexp" 549
"../../../Engine/Plugins/Animation/ControlRig/Content/Controls/ControlRig_Pyramid_1mm.ubulk" 550
"../../../Engine/Plugins/Animation/ControlRig/Content/Controls/ControlRig_Pyramid_1mm.uasset" 551
"../../../Engine/Plugins/Animation/ControlRig/Content/Controls/ControlRig_Pyramid_1mm.uexp" 552
"../../../Engine/Plugins/Animation/ControlRig/Content/Controls/ControlRig_Octagon_solid.ubulk" 553
"../../../Engine/Plugins/Animation/ControlRig/Content/Controls/ControlRig_Octagon_solid.uasset" 554
"../../../Engine/Plugins/Animation/ControlRig/Content/Controls/ControlRig_Octagon_solid.uexp" 555
"../../../Engine/Plugins/Animation/ControlRig/Content/Controls/ControlRig_Octagon_3mm.ubulk" 556
"../../../Engine/Plugins/Animation/ControlRig/Content/Controls/ControlRig_Octagon_3mm.uasset" 557
"../../../Engine/Plugins/Animation/ControlRig/Content/Controls/ControlRig_Octagon_3mm.uexp" 558
"../../../Engine/Plugins/Animation/ControlRig/Content/Controls/ControlRig_Octagon_1mm.ubulk" 559
"../../../Engine/Plugins/Animation/ControlRig/Content/Controls/ControlRig_Octagon_1mm.uasset" 560
"../../../Engine/Plugins/Animation/ControlRig/Content/Controls/ControlRig_Octagon_1mm.uexp" 561
"../../../Engine/Plugins/Animation/ControlRig/Content/Controls/ControlRig_Hexagon_solid.ubulk" 562
"../../../Engine/Plugins/Animation/ControlRig/Content/Controls/ControlRig_Hexagon_solid.uasset" 563
"../../../Engine/Plugins/Animation/ControlRig/Content/Controls/ControlRig_Hexagon_solid.uexp" 564
"../../../Engine/Plugins/Animation/ControlRig/Content/Controls/ControlRig_Hexagon_3mm.ubulk" 565
"../../../Engine/Plugins/Animation/ControlRig/Content/Controls/ControlRig_Hexagon_3mm.uasset" 566
"../../../Engine/Plugins/Animation/ControlRig/Content/Controls/ControlRig_Hexagon_3mm.uexp" 567
"../../../Engine/Plugins/Animation/ControlRig/Content/Controls/ControlRig_Hexagon_1mm.ubulk" 568
"../../../Engine/Plugins/Animation/ControlRig/Content/Controls/ControlRig_Hexagon_1mm.uasset" 569
"../../../Engine/Plugins/Animation/ControlRig/Content/Controls/ControlRig_Hexagon_1mm.uexp" 570
"../../../Engine/Plugins/Animation/ControlRig/Content/Controls/ControlRig_HalfCircle_solid.ubulk" 571
"../../../Engine/Plugins/Animation/ControlRig/Content/Controls/ControlRig_HalfCircle_solid.uasset" 572
"../../../Engine/Plugins/Animation/ControlRig/Content/Controls/ControlRig_HalfCircle_solid.uexp" 573
"../../../Engine/Plugins/Animation/ControlRig/Content/Controls/ControlRig_HalfCircle_3mm.ubulk" 574
"../../../Engine/Plugins/Animation/ControlRig/Content/Controls/ControlRig_HalfCircle_3mm.uasset" 575
"../../../Engine/Plugins/Animation/ControlRig/Content/Controls/ControlRig_HalfCircle_3mm.uexp" 576
"../../../Engine/Plugins/Animation/ControlRig/Content/Controls/ControlRig_HalfCircle_1mm.ubulk" 577
"../../../Engine/Plugins/Animation/ControlRig/Content/Controls/ControlRig_HalfCircle_1mm.uasset" 578
"../../../Engine/Plugins/Animation/ControlRig/Content/Controls/ControlRig_HalfCircle_1mm.uexp" 579
"../../../Engine/Plugins/Animation/ControlRig/Content/Controls/ControlRig_Diamond_solid.ubulk" 580
"../../../Engine/Plugins/Animation/ControlRig/Content/Controls/ControlRig_Diamond_solid.uasset" 581
"../../../Engine/Plugins/Animation/ControlRig/Content/Controls/ControlRig_Diamond_solid.uexp" 582
"../../../Engine/Plugins/Animation/ControlRig/Content/Controls/ControlRig_Diamond_3mm.ubulk" 583
"../../../Engine/Plugins/Animation/ControlRig/Content/Controls/ControlRig_Diamond_3mm.uasset" 584
"../../../Engine/Plugins/Animation/ControlRig/Content/Controls/ControlRig_Diamond_3mm.uexp" 585
"../../../Engine/Plugins/Animation/ControlRig/Content/Controls/ControlRig_Diamond_1mm.ubulk" 586
"../../../Engine/Plugins/Animation/ControlRig/Content/Controls/ControlRig_Diamond_1mm.uasset" 587
"../../../Engine/Plugins/Animation/ControlRig/Content/Controls/ControlRig_Diamond_1mm.uexp" 588
"../../../Engine/Plugins/Animation/ControlRig/Content/Controls/ControlRig_Circle_solid.ubulk" 589
"../../../Engine/Plugins/Animation/ControlRig/Content/Controls/ControlRig_Circle_solid.uasset" 590
"../../../Engine/Plugins/Animation/ControlRig/Content/Controls/ControlRig_Circle_solid.uexp" 591
"../../../Engine/Plugins/Animation/ControlRig/Content/Controls/ControlRig_Circle_3mm.ubulk" 592
"../../../Engine/Plugins/Animation/ControlRig/Content/Controls/ControlRig_Circle_3mm.uasset" 593
"../../../Engine/Plugins/Animation/ControlRig/Content/Controls/ControlRig_Circle_3mm.uexp" 594
"../../../Engine/Plugins/Animation/ControlRig/Content/Controls/ControlRig_Circle_1mm.ubulk" 595
"../../../Engine/Plugins/Animation/ControlRig/Content/Controls/ControlRig_Circle_1mm.uasset" 596
"../../../Engine/Plugins/Animation/ControlRig/Content/Controls/ControlRig_Circle_1mm.uexp" 597
"../../../Engine/Plugins/Animation/ControlRig/Content/Controls/ControlRig_Box_solid.ubulk" 598
"../../../Engine/Plugins/Animation/ControlRig/Content/Controls/ControlRig_Box_solid.uasset" 599
"../../../Engine/Plugins/Animation/ControlRig/Content/Controls/ControlRig_Box_solid.uexp" 600
"../../../Engine/Plugins/Animation/ControlRig/Content/Controls/ControlRig_Box_3mm.ubulk" 601
"../../../Engine/Plugins/Animation/ControlRig/Content/Controls/ControlRig_Box_3mm.uasset" 602
"../../../Engine/Plugins/Animation/ControlRig/Content/Controls/ControlRig_Box_3mm.uexp" 603
"../../../Engine/Plugins/Animation/ControlRig/Content/Controls/ControlRig_Box_1mm.ubulk" 604
"../../../Engine/Plugins/Animation/ControlRig/Content/Controls/ControlRig_Box_1mm.uasset" 605
"../../../Engine/Plugins/Animation/ControlRig/Content/Controls/ControlRig_Box_1mm.uexp" 606
"../../../Engine/Plugins/Animation/ControlRig/Content/Controls/ControlRig_Arrow_solid.ubulk" 607
"../../../Engine/Plugins/Animation/ControlRig/Content/Controls/ControlRig_Arrow_solid.uasset" 608
"../../../Engine/Plugins/Animation/ControlRig/Content/Controls/ControlRig_Arrow_solid.uexp" 609
"../../../Engine/Plugins/Animation/ControlRig/Content/Controls/ControlRig_Arrow_3mm.ubulk" 610
"../../../Engine/Plugins/Animation/ControlRig/Content/Controls/ControlRig_Arrow_3mm.uasset" 611
"../../../Engine/Plugins/Animation/ControlRig/Content/Controls/ControlRig_Arrow_3mm.uexp" 612
"../../../Engine/Plugins/Animation/ControlRig/Content/Controls/ControlRig_Arrow_1mm.ubulk" 613
"../../../Engine/Plugins/Animation/ControlRig/Content/Controls/ControlRig_Arrow_1mm.uasset" 614
"../../../Engine/Plugins/Animation/ControlRig/Content/Controls/ControlRig_Arrow_1mm.uexp" 615
"../../../Engine/Plugins/Animation/ControlRig/Content/Controls/ControlRig_Arrow4_solid.ubulk" 616
"../../../Engine/Plugins/Animation/ControlRig/Content/Controls/ControlRig_Arrow4_solid.uasset" 617
"../../../Engine/Plugins/Animation/ControlRig/Content/Controls/ControlRig_Arrow4_solid.uexp" 618
"../../../Engine/Plugins/Animation/ControlRig/Content/Controls/ControlRig_Arrow4_3mm.ubulk" 619
"../../../Engine/Plugins/Animation/ControlRig/Content/Controls/ControlRig_Arrow4_3mm.uasset" 620
"../../../Engine/Plugins/Animation/ControlRig/Content/Controls/ControlRig_Arrow4_3mm.uexp" 621
"../../../Engine/Plugins/Animation/ControlRig/Content/Controls/ControlRig_Arrow4_1mm.ubulk" 622
"../../../Engine/Plugins/Animation/ControlRig/Content/Controls/ControlRig_Arrow4_1mm.uasset" 623
"../../../Engine/Plugins/Animation/ControlRig/Content/Controls/ControlRig_Arrow4_1mm.uexp" 624
"../../../Engine/Plugins/Animation/ControlRig/Content/Controls/ControlRig_Arrow2_solid.ubulk" 625
"../../../Engine/Plugins/Animation/ControlRig/Content/Controls/ControlRig_Arrow2_solid.uasset" 626
"../../../Engine/Plugins/Animation/ControlRig/Content/Controls/ControlRig_Arrow2_solid.uexp" 627
"../../../Engine/Plugins/Animation/ControlRig/Content/Controls/ControlRig_Arrow2_3mm.ubulk" 628
"../../../Engine/Plugins/Animation/ControlRig/Content/Controls/ControlRig_Arrow2_3mm.uasset" 629
"../../../Engine/Plugins/Animation/ControlRig/Content/Controls/ControlRig_Arrow2_3mm.uexp" 630
"../../../Engine/Plugins/Animation/ControlRig/Content/Controls/ControlRig_Arrow2_1mm.ubulk" 631
"../../../Engine/Plugins/Animation/ControlRig/Content/Controls/ControlRig_Arrow2_1mm.uasset" 632
"../../../Engine/Plugins/Animation/ControlRig/Content/Controls/ControlRig_Arrow2_1mm.uexp" 633
"../../../Engine/Plugins/Animation/ControlRig/Content/Controls/ControlRigXRayMaterial.uasset" 634
"../../../Engine/Plugins/Animation/ControlRig/Content/Controls/ControlRigXRayMaterial.uexp" 635
"../../../Engine/Plugins/Animation/ControlRig/Content/Controls/ControlRigGizmoMaterial.uasset" 636
"../../../Engine/Plugins/Animation/ControlRig/Content/Controls/ControlRigGizmoMaterial.uexp" 637
"../../../Engine/Content/EngineResources/LandscapeVisibilityLayerInfo.uasset" 638
"../../../Engine/Content/EngineResources/LandscapeVisibilityLayerInfo.uexp" 639
"../../../Engine/Content/EditorMaterials/Camera/CineMat.uasset" 640
"../../../Engine/Content/EditorMaterials/Camera/CineMat.uexp" 641
"../../../Engine/Content/EditorMaterials/Camera/MI_CineMat_Rig.uasset" 642
"../../../Engine/Content/EditorMaterials/Camera/MI_CineMat_Rig.uexp" 643
"../../../Engine/Content/EditorMeshes/Camera/SM_RailRig_Track.ubulk" 644
"../../../Engine/Content/EditorMeshes/Camera/SM_RailRig_Track.uasset" 645
"../../../Engine/Content/EditorMeshes/Camera/SM_RailRig_Track.uexp" 646
"../../../Engine/Content/EditorMeshes/Camera/SM_RailRig_Mount.ubulk" 647
"../../../Engine/Content/EditorMeshes/Camera/SM_RailRig_Mount.uasset" 648
"../../../Engine/Content/EditorMeshes/Camera/SM_RailRig_Mount.uexp" 649
"../../../Engine/Content/EditorMeshes/Camera/SM_CraneRig_Mount.ubulk" 650
"../../../Engine/Content/EditorMeshes/Camera/SM_CraneRig_Mount.uasset" 651
"../../../Engine/Content/EditorMeshes/Camera/SM_CraneRig_Mount.uexp" 652
"../../../Engine/Content/EditorMeshes/Camera/SM_CraneRig_Body.ubulk" 653
"../../../Engine/Content/EditorMeshes/Camera/SM_CraneRig_Body.uasset" 654
"../../../Engine/Content/EditorMeshes/Camera/SM_CraneRig_Body.uexp" 655
"../../../Engine/Content/EditorMeshes/Camera/SM_CraneRig_Base.ubulk" 656
"../../../Engine/Content/EditorMeshes/Camera/SM_CraneRig_Base.uasset" 657
"../../../Engine/Content/EditorMeshes/Camera/SM_CraneRig_Base.uexp" 658
"../../../Engine/Content/EditorMeshes/Camera/SM_CraneRig_Arm.ubulk" 659
"../../../Engine/Content/EditorMeshes/Camera/SM_CraneRig_Arm.uasset" 660
"../../../Engine/Content/EditorMeshes/Camera/SM_CraneRig_Arm.uexp" 661
"../../../Engine/Content/EditorMaterials/ParticleSystems/PSysThumbnail_OOD.ubulk" 662
"../../../Engine/Content/EditorMaterials/ParticleSystems/PSysThumbnail_OOD.uasset" 663
"../../../Engine/Content/EditorMaterials/ParticleSystems/PSysThumbnail_OOD.uexp" 664
"../../../Engine/Content/EditorMaterials/ParticleSystems/PSysThumbnail_NoImage.ubulk" 665
"../../../Engine/Content/EditorMaterials/ParticleSystems/PSysThumbnail_NoImage.uasset" 666
"../../../Engine/Content/EditorMaterials/ParticleSystems/PSysThumbnail_NoImage.uexp" 667
"../../../Engine/Content/EditorMaterials/Dataflow/DataflowVertexMaterial.uasset" 668
"../../../Engine/Content/EditorMaterials/Dataflow/DataflowVertexMaterial.uexp" 669
"../../../Engine/Content/EditorMaterials/Dataflow/DataflowTwoSidedVertexMaterial.uasset" 670
"../../../Engine/Content/EditorMaterials/Dataflow/DataflowTwoSidedVertexMaterial.uexp" 671
"../../../Engine/Content/EngineResources/FilmGrains/Marcie_Grain_v3_128_M2_000.uasset" 672
"../../../Engine/Content/EngineResources/FilmGrains/Marcie_Grain_v3_128_M2_000.uexp" 673
"../../../Engine/Content/EngineResources/Development/ZenLogo_64.uasset" 674
"../../../Engine/Content/EngineResources/Development/ZenLogo_64.uexp" 675
"../../../Engine/Content/EngineMaterials/LTC/Sheen_LTC.uasset" 676
"../../../Engine/Content/EngineMaterials/LTC/Sheen_LTC.uexp" 677
"../../../Engine/Content/EngineMaterials/LTC/GGX_LTCMat.uasset" 678
"../../../Engine/Content/EngineMaterials/LTC/GGX_LTCMat.uexp" 679
"../../../Engine/Content/EngineMaterials/LTC/GGX_LTCAmp.uasset" 680
"../../../Engine/Content/EngineMaterials/LTC/GGX_LTCAmp.uexp" 681
"../../../Engine/Content/EngineMaterials/EnergyConservation/Sheen_Energy.uasset" 682
"../../../Engine/Content/EngineMaterials/EnergyConservation/Sheen_Energy.uexp" 683
"../../../Engine/Content/EngineMaterials/EnergyConservation/SheenLegacy_Energy.uasset" 684
"../../../Engine/Content/EngineMaterials/EnergyConservation/SheenLegacy_Energy.uexp" 685
"../../../Engine/Content/EngineMaterials/EnergyConservation/GGX_TransmissionEnergyArray.uasset" 686
"../../../Engine/Content/EngineMaterials/EnergyConservation/GGX_TransmissionEnergyArray.uexp" 687
"../../../Engine/Content/EngineMaterials/EnergyConservation/GGX_ReflectionEnergy.uasset" 688
"../../../Engine/Content/EngineMaterials/EnergyConservation/GGX_ReflectionEnergy.uexp" 689
"../../../Engine/Content/EngineMaterials/EnergyConservation/Diffuse_Energy.uasset" 690
"../../../Engine/Content/EngineMaterials/EnergyConservation/Diffuse_Energy.uexp" 691
"../../../Engine/Content/EditorResources/SequenceRecorder/RecordingIndicator.uasset" 692
"../../../Engine/Content/EditorResources/SequenceRecorder/RecordingIndicator.uexp" 693
"../../../Engine/Content/EditorResources/SequenceRecorder/Countdown.uasset" 694
"../../../Engine/Content/EditorResources/SequenceRecorder/Countdown.uexp" 695
"../../../Engine/Plugins/Interchange/Assets/Content/gltf/Textures/T_White_srgb.uasset" 696
"../../../Engine/Plugins/Interchange/Assets/Content/gltf/Textures/T_White_srgb.uexp" 697
"../../../Engine/Plugins/Interchange/Assets/Content/gltf/MaterialFunctions/MF_BaseColor.uasset" 698
"../../../Engine/Plugins/Interchange/Assets/Content/gltf/MaterialFunctions/MF_BaseColor.uexp" 699
"../../../Engine/Plugins/Interchange/Assets/Content/gltf/MaterialFunctions/MF_RotateV2.uasset" 700
"../../../Engine/Plugins/Interchange/Assets/Content/gltf/MaterialFunctions/MF_RotateV2.uexp" 701
"../../../Engine/Plugins/Interchange/Assets/Content/gltf/MaterialFunctions/MF_TransformUVs.uasset" 702
"../../../Engine/Plugins/Interchange/Assets/Content/gltf/MaterialFunctions/MF_TransformUVs.uexp" 703
"../../../Engine/Plugins/Interchange/Assets/Content/gltf/MaterialBodies/MF_Unlit_Body.uasset" 704
"../../../Engine/Plugins/Interchange/Assets/Content/gltf/MaterialBodies/MF_Unlit_Body.uexp" 705
"../../../Engine/Plugins/Interchange/Assets/Content/gltf/M_Unlit.uasset" 706
"../../../Engine/Plugins/Interchange/Assets/Content/gltf/M_Unlit.uexp" 707
"../../../Engine/Plugins/Interchange/Assets/Content/gltf/MaterialInstances/MI_Unlit_Opaque_DS.uasset" 708
"../../../Engine/Plugins/Interchange/Assets/Content/gltf/MaterialInstances/MI_Unlit_Opaque_DS.uexp" 709
"../../../Engine/Plugins/Interchange/Assets/Content/gltf/MaterialInstances/MI_Unlit_Opaque.uasset" 710
"../../../Engine/Plugins/Interchange/Assets/Content/gltf/MaterialInstances/MI_Unlit_Opaque.uexp" 711
"../../../Engine/Plugins/Interchange/Assets/Content/gltf/MaterialInstances/MI_Unlit_Mask_DS.uasset" 712
"../../../Engine/Plugins/Interchange/Assets/Content/gltf/MaterialInstances/MI_Unlit_Mask_DS.uexp" 713
"../../../Engine/Plugins/Interchange/Assets/Content/gltf/MaterialInstances/MI_Unlit_Mask.uasset" 714
"../../../Engine/Plugins/Interchange/Assets/Content/gltf/MaterialInstances/MI_Unlit_Mask.uexp" 715
"../../../Engine/Plugins/Interchange/Assets/Content/gltf/MaterialInstances/MI_Unlit_Blend_DS.uasset" 716
"../../../Engine/Plugins/Interchange/Assets/Content/gltf/MaterialInstances/MI_Unlit_Blend_DS.uexp" 717
"../../../Engine/Plugins/Interchange/Assets/Content/gltf/MaterialInstances/MI_Unlit_Blend.uasset" 718
"../../../Engine/Plugins/Interchange/Assets/Content/gltf/MaterialInstances/MI_Unlit_Blend.uexp" 719
"../../../Engine/Content/EngineMaterials/Good64x64TilingNoiseHighFreq.uasset" 720
"../../../Engine/Content/EngineMaterials/Good64x64TilingNoiseHighFreq.uexp" 721
"../../../Engine/Content/Functions/Engine_MaterialFunctions02/Texturing/ScreenAlignedPixelToPixelUVs.uasset" 722
"../../../Engine/Content/Functions/Engine_MaterialFunctions02/Texturing/ScreenAlignedPixelToPixelUVs.uexp" 723
"../../../Engine/Plugins/Interchange/Assets/Content/Utilities/New_LUT.uasset" 724
"../../../Engine/Plugins/Interchange/Assets/Content/Utilities/New_LUT.uexp" 725
"../../../Engine/Content/Functions/Engine_MaterialFunctions03/Math/RemapValueRange.uasset" 726
"../../../Engine/Content/Functions/Engine_MaterialFunctions03/Math/RemapValueRange.uexp" 727
"../../../Engine/Plugins/Interchange/Assets/Content/Functions/MF_Iridescence.uasset" 728
"../../../Engine/Plugins/Interchange/Assets/Content/Functions/MF_Iridescence.uexp" 729
"../../../Engine/Plugins/Interchange/Assets/Content/gltf/MaterialFunctions/MF_Fresnel_DS.uasset" 730
"../../../Engine/Plugins/Interchange/Assets/Content/gltf/MaterialFunctions/MF_Fresnel_DS.uexp" 731
"../../../Engine/Plugins/Interchange/Assets/Content/gltf/MaterialFunctions/MF_IOR.uasset" 732
"../../../Engine/Plugins/Interchange/Assets/Content/gltf/MaterialFunctions/MF_IOR.uexp" 733
"../../../Engine/Plugins/Interchange/Assets/Content/gltf/MaterialFunctions/MF_Iridescence.uasset" 734
"../../../Engine/Plugins/Interchange/Assets/Content/gltf/MaterialFunctions/MF_Iridescence.uexp" 735
"../../../Engine/Plugins/Interchange/Assets/Content/gltf/Textures/T_White_Linear.uasset" 736
"../../../Engine/Plugins/Interchange/Assets/Content/gltf/Textures/T_White_Linear.uexp" 737
"../../../Engine/Plugins/Interchange/Assets/Content/gltf/MaterialFunctions/MF_MetallicRoughness.uasset" 738
"../../../Engine/Plugins/Interchange/Assets/Content/gltf/MaterialFunctions/MF_MetallicRoughness.uexp" 739
"../../../Engine/Content/Functions/Engine_MaterialFunctions02/Math/Transform3x3Matrix.uasset" 740
"../../../Engine/Content/Functions/Engine_MaterialFunctions02/Math/Transform3x3Matrix.uexp" 741
"../../../Engine/Plugins/Interchange/Assets/Content/gltf/MaterialFunctions/MF_RotateNormals_TS.uasset" 742
"../../../Engine/Plugins/Interchange/Assets/Content/gltf/MaterialFunctions/MF_RotateNormals_TS.uexp" 743
"../../../Engine/Plugins/Interchange/Assets/Content/gltf/MaterialFunctions/MF_ScaleNormal.uasset" 744
"../../../Engine/Plugins/Interchange/Assets/Content/gltf/MaterialFunctions/MF_ScaleNormal.uexp" 745
"../../../Engine/Plugins/Interchange/Assets/Content/gltf/Textures/T_Generic_N.uasset" 746
"../../../Engine/Plugins/Interchange/Assets/Content/gltf/Textures/T_Generic_N.uexp" 747
"../../../Engine/Plugins/Interchange/Assets/Content/gltf/MaterialFunctions/MF_Normals.uasset" 748
"../../../Engine/Plugins/Interchange/Assets/Content/gltf/MaterialFunctions/MF_Normals.uexp" 749
"../../../Engine/Plugins/Interchange/Assets/Content/gltf/MaterialFunctions/MF_Occlusion.uasset" 750
"../../../Engine/Plugins/Interchange/Assets/Content/gltf/MaterialFunctions/MF_Occlusion.uexp" 751
"../../../Engine/Plugins/Interchange/Assets/Content/gltf/MaterialFunctions/MF_Specular.uasset" 752
"../../../Engine/Plugins/Interchange/Assets/Content/gltf/MaterialFunctions/MF_Specular.uexp" 753
"../../../Engine/Plugins/Interchange/Assets/Content/gltf/Textures/T_Anisotropy_Direction_Linear.uasset" 754
"../../../Engine/Plugins/Interchange/Assets/Content/gltf/Textures/T_Anisotropy_Direction_Linear.uexp" 755
"../../../Engine/Plugins/Interchange/Assets/Content/gltf/MaterialFunctions/MF_SpecularAnisotropy.uasset" 756
"../../../Engine/Plugins/Interchange/Assets/Content/gltf/MaterialFunctions/MF_SpecularAnisotropy.uexp" 757
"../../../Engine/Plugins/Interchange/Assets/Content/gltf/MaterialFunctions/MF_Temporal_Blur.uasset" 758
"../../../Engine/Plugins/Interchange/Assets/Content/gltf/MaterialFunctions/MF_Temporal_Blur.uexp" 759
"../../../Engine/Plugins/Interchange/Assets/Content/gltf/MaterialFunctions/MF_Transmission.uasset" 760
"../../../Engine/Plugins/Interchange/Assets/Content/gltf/MaterialFunctions/MF_Transmission.uexp" 761
"../../../Engine/Plugins/Interchange/Assets/Content/gltf/MaterialBodies/MF_Transmission_Body.uasset" 762
"../../../Engine/Plugins/Interchange/Assets/Content/gltf/MaterialBodies/MF_Transmission_Body.uexp" 763
"../../../Engine/Plugins/Interchange/Assets/Content/gltf/M_Transmission.uasset" 764
"../../../Engine/Plugins/Interchange/Assets/Content/gltf/M_Transmission.uexp" 765
"../../../Engine/Plugins/Interchange/Assets/Content/gltf/MaterialInstances/MI_Transmission_DS.uasset" 766
"../../../Engine/Plugins/Interchange/Assets/Content/gltf/MaterialInstances/MI_Transmission_DS.uexp" 767
"../../../Engine/Plugins/Interchange/Assets/Content/gltf/MaterialInstances/MI_Transmission.uasset" 768
"../../../Engine/Plugins/Interchange/Assets/Content/gltf/MaterialInstances/MI_Transmission.uexp" 769
"../../../Engine/Content/Functions/Engine_MaterialFunctions02/Math/AddComponents.uasset" 770
"../../../Engine/Content/Functions/Engine_MaterialFunctions02/Math/AddComponents.uexp" 771
"../../../Engine/Plugins/Interchange/Assets/Content/gltf/MaterialFunctions/MF_DiffuseSpecGloss.uasset" 772
"../../../Engine/Plugins/Interchange/Assets/Content/gltf/MaterialFunctions/MF_DiffuseSpecGloss.uexp" 773
"../../../Engine/Plugins/Interchange/Assets/Content/gltf/MaterialFunctions/MF_Emissive.uasset" 774
"../../../Engine/Plugins/Interchange/Assets/Content/gltf/MaterialFunctions/MF_Emissive.uexp" 775
"../../../Engine/Plugins/Interchange/Assets/Content/gltf/MaterialFunctions/MF_MaxComponentValue.uasset" 776
"../../../Engine/Plugins/Interchange/Assets/Content/gltf/MaterialFunctions/MF_MaxComponentValue.uexp" 777
"../../../Engine/Plugins/Interchange/Assets/Content/gltf/MaterialFunctions/MF_PerceivedBrightness.uasset" 778
"../../../Engine/Plugins/Interchange/Assets/Content/gltf/MaterialFunctions/MF_PerceivedBrightness.uexp" 779
"../../../Engine/Plugins/Interchange/Assets/Content/gltf/MaterialFunctions/MF_SpecGlossToMetalRoughness.uasset" 780
"../../../Engine/Plugins/Interchange/Assets/Content/gltf/MaterialFunctions/MF_SpecGlossToMetalRoughness.uexp" 781
"../../../Engine/Plugins/Interchange/Assets/Content/gltf/MaterialBodies/MF_SpecularGlossiness_Body.uasset" 782
"../../../Engine/Plugins/Interchange/Assets/Content/gltf/MaterialBodies/MF_SpecularGlossiness_Body.uexp" 783
"../../../Engine/Plugins/Interchange/Assets/Content/gltf/M_SpecularGlossiness.uasset" 784
"../../../Engine/Plugins/Interchange/Assets/Content/gltf/M_SpecularGlossiness.uexp" 785
"../../../Engine/Plugins/Interchange/Assets/Content/gltf/MaterialInstances/MI_SpecularGlossiness_Opaque_DS.uasset" 786
"../../../Engine/Plugins/Interchange/Assets/Content/gltf/MaterialInstances/MI_SpecularGlossiness_Opaque_DS.uexp" 787
"../../../Engine/Plugins/Interchange/Assets/Content/gltf/MaterialInstances/MI_SpecularGlossiness_Opaque.uasset" 788
"../../../Engine/Plugins/Interchange/Assets/Content/gltf/MaterialInstances/MI_SpecularGlossiness_Opaque.uexp" 789
"../../../Engine/Plugins/Interchange/Assets/Content/gltf/MaterialInstances/MI_SpecularGlossiness_Mask_DS.uasset" 790
"../../../Engine/Plugins/Interchange/Assets/Content/gltf/MaterialInstances/MI_SpecularGlossiness_Mask_DS.uexp" 791
"../../../Engine/Plugins/Interchange/Assets/Content/gltf/MaterialInstances/MI_SpecularGlossiness_Mask.uasset" 792
"../../../Engine/Plugins/Interchange/Assets/Content/gltf/MaterialInstances/MI_SpecularGlossiness_Mask.uexp" 793
"../../../Engine/Plugins/Interchange/Assets/Content/gltf/MaterialInstances/MI_SpecularGlossiness_Blend_DS.uasset" 794
"../../../Engine/Plugins/Interchange/Assets/Content/gltf/MaterialInstances/MI_SpecularGlossiness_Blend_DS.uexp" 795
"../../../Engine/Plugins/Interchange/Assets/Content/gltf/MaterialInstances/MI_SpecularGlossiness_Blend.uasset" 796
"../../../Engine/Plugins/Interchange/Assets/Content/gltf/MaterialInstances/MI_SpecularGlossiness_Blend.uexp" 797
"../../../Engine/Plugins/Interchange/Assets/Content/gltf/MaterialFunctions/MF_Sheen.uasset" 798
"../../../Engine/Plugins/Interchange/Assets/Content/gltf/MaterialFunctions/MF_Sheen.uexp" 799
"../../../Engine/Plugins/Interchange/Assets/Content/gltf/MaterialBodies/MF_Sheen_Body.uasset" 800
"../../../Engine/Plugins/Interchange/Assets/Content/gltf/MaterialBodies/MF_Sheen_Body.uexp" 801
"../../../Engine/Plugins/Interchange/Assets/Content/gltf/M_Sheen.uasset" 802
"../../../Engine/Plugins/Interchange/Assets/Content/gltf/M_Sheen.uexp" 803
"../../../Engine/Plugins/Interchange/Assets/Content/gltf/MaterialInstances/MI_Sheen_Opaque_DS.uasset" 804
"../../../Engine/Plugins/Interchange/Assets/Content/gltf/MaterialInstances/MI_Sheen_Opaque_DS.uexp" 805
"../../../Engine/Plugins/Interchange/Assets/Content/gltf/MaterialInstances/MI_Sheen_Opaque.uasset" 806
"../../../Engine/Plugins/Interchange/Assets/Content/gltf/MaterialInstances/MI_Sheen_Opaque.uexp" 807
"../../../Engine/Plugins/Interchange/Assets/Content/gltf/MaterialInstances/MI_Sheen_Mask_DS.uasset" 808
"../../../Engine/Plugins/Interchange/Assets/Content/gltf/MaterialInstances/MI_Sheen_Mask_DS.uexp" 809
"../../../Engine/Plugins/Interchange/Assets/Content/gltf/MaterialInstances/MI_Sheen_Mask.uasset" 810
"../../../Engine/Plugins/Interchange/Assets/Content/gltf/MaterialInstances/MI_Sheen_Mask.uexp" 811
"../../../Engine/Plugins/Interchange/Assets/Content/gltf/MaterialInstances/MI_Sheen_Blend_DS.uasset" 812
"../../../Engine/Plugins/Interchange/Assets/Content/gltf/MaterialInstances/MI_Sheen_Blend_DS.uexp" 813
"../../../Engine/Plugins/Interchange/Assets/Content/gltf/MaterialInstances/MI_Sheen_Blend.uasset" 814
"../../../Engine/Plugins/Interchange/Assets/Content/gltf/MaterialInstances/MI_Sheen_Blend.uexp" 815
"../../../Engine/Plugins/Interchange/Assets/Content/gltf/MaterialBodies/MF_Default_Body.uasset" 816
"../../../Engine/Plugins/Interchange/Assets/Content/gltf/MaterialBodies/MF_Default_Body.uexp" 817
"../../../Engine/Plugins/Interchange/Assets/Content/gltf/M_Default.uasset" 818
"../../../Engine/Plugins/Interchange/Assets/Content/gltf/M_Default.uexp" 819
"../../../Engine/Plugins/Interchange/Assets/Content/gltf/MaterialInstances/MI_Default_Opaque_DS.uasset" 820
"../../../Engine/Plugins/Interchange/Assets/Content/gltf/MaterialInstances/MI_Default_Opaque_DS.uexp" 821
"../../../Engine/Plugins/Interchange/Assets/Content/gltf/MaterialInstances/MI_Default_Opaque.uasset" 822
"../../../Engine/Plugins/Interchange/Assets/Content/gltf/MaterialInstances/MI_Default_Opaque.uexp" 823
"../../../Engine/Plugins/Interchange/Assets/Content/gltf/MaterialInstances/MI_Default_Mask_DS.uasset" 824
"../../../Engine/Plugins/Interchange/Assets/Content/gltf/MaterialInstances/MI_Default_Mask_DS.uexp" 825
"../../../Engine/Plugins/Interchange/Assets/Content/gltf/MaterialInstances/MI_Default_Mask.uasset" 826
"../../../Engine/Plugins/Interchange/Assets/Content/gltf/MaterialInstances/MI_Default_Mask.uexp" 827
"../../../Engine/Plugins/Interchange/Assets/Content/gltf/MaterialInstances/MI_Default_Blend_DS.uasset" 828
"../../../Engine/Plugins/Interchange/Assets/Content/gltf/MaterialInstances/MI_Default_Blend_DS.uexp" 829
"../../../Engine/Plugins/Interchange/Assets/Content/gltf/MaterialInstances/MI_Default_Blend.uasset" 830
"../../../Engine/Plugins/Interchange/Assets/Content/gltf/MaterialInstances/MI_Default_Blend.uexp" 831
"../../../Engine/Content/Functions/Engine_MaterialFunctions01/Texturing/FlattenNormal.uasset" 832
"../../../Engine/Content/Functions/Engine_MaterialFunctions01/Texturing/FlattenNormal.uexp" 833
"../../../Engine/Plugins/Interchange/Assets/Content/gltf/MaterialFunctions/MF_Clearcoat.uasset" 834
"../../../Engine/Plugins/Interchange/Assets/Content/gltf/MaterialFunctions/MF_Clearcoat.uexp" 835
"../../../Engine/Plugins/Interchange/Assets/Content/gltf/MaterialBodies/MF_ClearCoat_Body.uasset" 836
"../../../Engine/Plugins/Interchange/Assets/Content/gltf/MaterialBodies/MF_ClearCoat_Body.uexp" 837
"../../../Engine/Plugins/Interchange/Assets/Content/gltf/M_ClearCoat.uasset" 838
"../../../Engine/Plugins/Interchange/Assets/Content/gltf/M_ClearCoat.uexp" 839
"../../../Engine/Plugins/Interchange/Assets/Content/gltf/MaterialInstances/MI_ClearCoat_Opaque_DS.uasset" 840
"../../../Engine/Plugins/Interchange/Assets/Content/gltf/MaterialInstances/MI_ClearCoat_Opaque_DS.uexp" 841
"../../../Engine/Plugins/Interchange/Assets/Content/gltf/MaterialInstances/MI_ClearCoat_Opaque.uasset" 842
"../../../Engine/Plugins/Interchange/Assets/Content/gltf/MaterialInstances/MI_ClearCoat_Opaque.uexp" 843
"../../../Engine/Plugins/Interchange/Assets/Content/gltf/MaterialInstances/MI_ClearCoat_Mask_DS.uasset" 844
"../../../Engine/Plugins/Interchange/Assets/Content/gltf/MaterialInstances/MI_ClearCoat_Mask_DS.uexp" 845
"../../../Engine/Plugins/Interchange/Assets/Content/gltf/MaterialInstances/MI_ClearCoat_Mask.uasset" 846
"../../../Engine/Plugins/Interchange/Assets/Content/gltf/MaterialInstances/MI_ClearCoat_Mask.uexp" 847
"../../../Engine/Plugins/Interchange/Assets/Content/gltf/MaterialInstances/MI_ClearCoat_Blend_DS.uasset" 848
"../../../Engine/Plugins/Interchange/Assets/Content/gltf/MaterialInstances/MI_ClearCoat_Blend_DS.uexp" 849
"../../../Engine/Plugins/Interchange/Assets/Content/gltf/MaterialInstances/MI_ClearCoat_Blend.uasset" 850
"../../../Engine/Plugins/Interchange/Assets/Content/gltf/MaterialInstances/MI_ClearCoat_Blend.uexp" 851
"../../../Engine/Content/VREditor/TransformGizmo/TranslucentTransformGizmoMaterial.uasset" 852
"../../../Engine/Content/VREditor/TransformGizmo/TranslucentTransformGizmoMaterial.uexp" 853
"../../../Engine/Content/VREditor/LaserPointer/VR_LaserPower_01.ubulk" 854
"../../../Engine/Content/VREditor/LaserPointer/VR_LaserPower_01.uasset" 855
"../../../Engine/Content/VREditor/LaserPointer/VR_LaserPower_01.uexp" 856
"../../../Engine/Content/VREditor/TransformGizmo/TransformGizmoMaterial.uasset" 857
"../../../Engine/Content/VREditor/TransformGizmo/TransformGizmoMaterial.uexp" 858
"../../../Engine/Content/VREditor/TransformGizmo/BoundingBoxEdge.ubulk" 859
"../../../Engine/Content/VREditor/TransformGizmo/BoundingBoxEdge.uasset" 860
"../../../Engine/Content/VREditor/TransformGizmo/BoundingBoxEdge.uexp" 861
"../../../Engine/Content/VREditor/TransformGizmo/BoundingBoxCorner.ubulk" 862
"../../../Engine/Content/VREditor/TransformGizmo/BoundingBoxCorner.uasset" 863
"../../../Engine/Content/VREditor/TransformGizmo/BoundingBoxCorner.uexp" 864
"../../../Engine/Content/EngineMaterials/Substrate/Volume/SubstrateSimpleVolumeLUT3D.uasset" 865
"../../../Engine/Content/EngineMaterials/Substrate/Volume/SubstrateSimpleVolumeLUT3D.uexp" 866
"../../../Engine/Content/EngineMaterials/Substrate/Volume/SubstrateSimpleVolumeEnvLUT3D.uasset" 867
"../../../Engine/Content/EngineMaterials/Substrate/Volume/SubstrateSimpleVolumeEnvLUT3D.uexp" 868
"../../../Engine/Content/EngineMaterials/Substrate/Glints2/AGlintTex2dArray2.uasset" 869
"../../../Engine/Content/EngineMaterials/Substrate/Glints2/AGlintTex2dArray2.uexp" 870
"../../../Engine/Content/EngineMaterials/Substrate/GLints/AGlintTex2dArray.uasset" 871
"../../../Engine/Content/EngineMaterials/Substrate/GLints/AGlintTex2dArray.uexp" 872
"../../../Engine/Content/ArtTools/RenderToTexture/Meshes/S_1_Unit_Plane.ubulk" 873
"../../../Engine/Content/ArtTools/RenderToTexture/Meshes/S_1_Unit_Plane.uasset" 874
"../../../Engine/Content/ArtTools/RenderToTexture/Meshes/S_1_Unit_Plane.uexp" 875
"../../../Engine/Content/Functions/Engine_MaterialFunctions01/Shading/PowerToRoughness.uasset" 876
"../../../Engine/Content/Functions/Engine_MaterialFunctions01/Shading/PowerToRoughness.uexp" 877
"../../../Engine/Content/Functions/Engine_MaterialFunctions01/Shading/ConvertFromDiffSpec.uasset" 878
"../../../Engine/Content/Functions/Engine_MaterialFunctions01/Shading/ConvertFromDiffSpec.uexp" 879
"../../../Engine/Content/VREditor/TransformGizmo/TranslucentTransformGizmoMaterial_Inst.uasset" 880
"../../../Engine/Content/VREditor/TransformGizmo/TranslucentTransformGizmoMaterial_Inst.uexp" 881
"../../../Engine/Content/VREditor/TransformGizmo/TransformGizmoMaterial_Inst.uasset" 882
"../../../Engine/Content/VREditor/TransformGizmo/TransformGizmoMaterial_Inst.uexp" 883
"../../../Engine/Content/VREditor/Sounds/UI/Drop_Item_From_ContentBrowser.ubulk" 884
"../../../Engine/Content/VREditor/Sounds/UI/Drop_Item_From_ContentBrowser.uasset" 885
"../../../Engine/Content/VREditor/Sounds/UI/Drop_Item_From_ContentBrowser.uexp" 886
"../../../Engine/Content/VREditor/TransformGizmo/UniformScaleHandle.ubulk" 887
"../../../Engine/Content/VREditor/TransformGizmo/UniformScaleHandle.uasset" 888
"../../../Engine/Content/VREditor/TransformGizmo/UniformScaleHandle.uexp" 889
"../../../Engine/Content/VREditor/TransformGizmo/TranslateArrowHandle.ubulk" 890
"../../../Engine/Content/VREditor/TransformGizmo/TranslateArrowHandle.uasset" 891
"../../../Engine/Content/VREditor/TransformGizmo/TranslateArrowHandle.uexp" 892
"../../../Engine/Content/VREditor/TransformGizmo/TransformGizmoFreeRotation.ubulk" 893
"../../../Engine/Content/VREditor/TransformGizmo/TransformGizmoFreeRotation.uasset" 894
"../../../Engine/Content/VREditor/TransformGizmo/TransformGizmoFreeRotation.uexp" 895
"../../../Engine/Content/VREditor/TransformGizmo/StartRotationHandleIndicator.ubulk" 896
"../../../Engine/Content/VREditor/TransformGizmo/StartRotationHandleIndicator.uasset" 897
"../../../Engine/Content/VREditor/TransformGizmo/StartRotationHandleIndicator.uexp" 898
"../../../Engine/Content/Functions/Engine_MaterialFunctions02/SplitComponents.uasset" 899
"../../../Engine/Content/Functions/Engine_MaterialFunctions02/SplitComponents.uexp" 900
"../../../Engine/Content/VREditor/SnapGrid/SnapGridMaterial.uasset" 901
"../../../Engine/Content/VREditor/SnapGrid/SnapGridMaterial.uexp" 902
"../../../Engine/Content/VREditor/SnapGrid/SnapGridPlaneMesh.ubulk" 903
"../../../Engine/Content/VREditor/SnapGrid/SnapGridPlaneMesh.uasset" 904
"../../../Engine/Content/VREditor/SnapGrid/SnapGridPlaneMesh.uexp" 905
"../../../Engine/Content/VREditor/Sounds/UI/Gizmo_Handle_Clicked.ubulk" 906
"../../../Engine/Content/VREditor/Sounds/UI/Gizmo_Handle_Clicked.uasset" 907
"../../../Engine/Content/VREditor/Sounds/UI/Gizmo_Handle_Clicked.uexp" 908
"../../../Engine/Content/VREditor/Sounds/UI/Object_PickUp.ubulk" 909
"../../../Engine/Content/VREditor/Sounds/UI/Object_PickUp.uasset" 910
"../../../Engine/Content/VREditor/Sounds/UI/Object_PickUp.uexp" 911
"../../../Engine/Content/VREditor/Sounds/UI/Object_Snaps_To_Another_Actor.ubulk" 912
"../../../Engine/Content/VREditor/Sounds/UI/Object_Snaps_To_Another_Actor.uasset" 913
"../../../Engine/Content/VREditor/Sounds/UI/Object_Snaps_To_Another_Actor.uexp" 914
"../../../Engine/Content/VREditor/Sounds/UI/Object_Snaps_To_Grid.ubulk" 915
"../../../Engine/Content/VREditor/Sounds/UI/Object_Snaps_To_Grid.uasset" 916
"../../../Engine/Content/VREditor/Sounds/UI/Object_Snaps_To_Grid.uexp" 917
"../../../Engine/Content/VREditor/Sounds/UI/Scaling_Down.ubulk" 918
"../../../Engine/Content/VREditor/Sounds/UI/Scaling_Down.uasset" 919
"../../../Engine/Content/VREditor/Sounds/UI/Scaling_Down.uexp" 920
"../../../Engine/Content/VREditor/Sounds/UI/Scaling_Up.ubulk" 921
"../../../Engine/Content/VREditor/Sounds/UI/Scaling_Up.uasset" 922
"../../../Engine/Content/VREditor/Sounds/UI/Scaling_Up.uexp" 923
"../../../Engine/Content/VREditor/Sounds/UI/Selection_Changes.ubulk" 924
"../../../Engine/Content/VREditor/Sounds/UI/Selection_Changes.uasset" 925
"../../../Engine/Content/VREditor/Sounds/UI/Selection_Changes.uexp" 926
"../../../Engine/Content/VREditor/TransformGizmo/PlaneTranslationHandle.ubulk" 927
"../../../Engine/Content/VREditor/TransformGizmo/PlaneTranslationHandle.uasset" 928
"../../../Engine/Content/VREditor/TransformGizmo/PlaneTranslationHandle.uexp" 929
"../../../Engine/Content/VREditor/TransformGizmo/RotationHandleFull.ubulk" 930
"../../../Engine/Content/VREditor/TransformGizmo/RotationHandleFull.uasset" 931
"../../../Engine/Content/VREditor/TransformGizmo/RotationHandleFull.uexp" 932
"../../../Engine/Content/VREditor/TransformGizmo/RotationHandleIndicator.ubulk" 933
"../../../Engine/Content/VREditor/TransformGizmo/RotationHandleIndicator.uasset" 934
"../../../Engine/Content/VREditor/TransformGizmo/RotationHandleIndicator.uexp" 935
"../../../Engine/Content/VREditor/TransformGizmo/RotationHandleQuarter.ubulk" 936
"../../../Engine/Content/VREditor/TransformGizmo/RotationHandleQuarter.uasset" 937
"../../../Engine/Content/VREditor/TransformGizmo/RotationHandleQuarter.uexp" 938
"../../../Engine/Plugins/Animation/DeformerGraph/Content/DeformerFunctions/DG_Function_LinearBlendSkin_Morph_Cloth.uasset" 939
"../../../Engine/Plugins/Animation/DeformerGraph/Content/DeformerFunctions/DG_Function_LinearBlendSkin_Morph_Cloth.uexp" 940
"../../../Engine/Plugins/Animation/DeformerGraph/Content/Deformers/DG_LinearBlendSkin_Morph_Cloth.uasset" 941
"../../../Engine/Plugins/Animation/DeformerGraph/Content/Deformers/DG_LinearBlendSkin_Morph_Cloth.uexp" 942
"../../../Engine/Plugins/Animation/DeformerGraph/Content/DeformerFunctions/DG_Function_LinearBlendSkin_Morph_Cloth_PositionOnly.uasset" 943
"../../../Engine/Plugins/Animation/DeformerGraph/Content/DeformerFunctions/DG_Function_LinearBlendSkin_Morph_Cloth_PositionOnly.uexp" 944
"../../../Engine/Plugins/Animation/DeformerGraph/Content/DeformerFunctions/DG_Function_ComputeNormalsTangents.uasset" 945
"../../../Engine/Plugins/Animation/DeformerGraph/Content/DeformerFunctions/DG_Function_ComputeNormalsTangents.uexp" 946
"../../../Engine/Plugins/Animation/DeformerGraph/Content/Deformers/DG_LinearBlendSkin_Morph_Cloth_RecomputeNormals.uasset" 947
"../../../Engine/Plugins/Animation/DeformerGraph/Content/Deformers/DG_LinearBlendSkin_Morph_Cloth_RecomputeNormals.uexp" 948
"../../../Engine/Plugins/NNE/NNEDenoiser/Content/NNEDT_Oidn2-3_Balanced.uasset" 949
"../../../Engine/Plugins/NNE/NNEDenoiser/Content/NNEDT_Oidn2-3_Balanced.uexp" 950
"../../../Engine/Plugins/NNE/NNEDenoiser/Content/NNEDT_Oidn2-3_Balanced_Alpha.uasset" 951
"../../../Engine/Plugins/NNE/NNEDenoiser/Content/NNEDT_Oidn2-3_Balanced_Alpha.uexp" 952
"../../../Engine/Plugins/NNE/NNEDenoiser/Content/NNED_Oidn2-3_Balanced.uasset" 953
"../../../Engine/Plugins/NNE/NNEDenoiser/Content/NNED_Oidn2-3_Balanced.uexp" 954
"../../../Engine/Plugins/NNE/NNEDenoiser/Content/NNED_Oidn2-3_Balanced_Alpha.uasset" 955
"../../../Engine/Plugins/NNE/NNEDenoiser/Content/NNED_Oidn2-3_Balanced_Alpha.uexp" 956
"../../../Engine/Plugins/NNE/NNEDenoiser/Content/NNED_Oidn2-3_Fast.uasset" 957
"../../../Engine/Plugins/NNE/NNEDenoiser/Content/NNED_Oidn2-3_Fast.uexp" 958
"../../../Engine/Plugins/NNE/NNEDenoiser/Content/NNED_Oidn2-3_Fast_Alpha.uasset" 959
"../../../Engine/Plugins/NNE/NNEDenoiser/Content/NNED_Oidn2-3_Fast_Alpha.uexp" 960
"../../../Engine/Plugins/NNE/NNEDenoiser/Content/NNED_Oidn2-3_HighQuality.uasset" 961
"../../../Engine/Plugins/NNE/NNEDenoiser/Content/NNED_Oidn2-3_HighQuality.uexp" 962
"../../../Engine/Plugins/NNE/NNEDenoiser/Content/NNED_Oidn2-3_HighQuality_Alpha.uasset" 963
"../../../Engine/Plugins/NNE/NNEDenoiser/Content/NNED_Oidn2-3_HighQuality_Alpha.uexp" 964
"../../../Engine/Content/Maps/Entry_BuiltData.uasset" 965
"../../../Engine/Content/Maps/Entry_BuiltData.uexp" 966
"../../../Engine/Content/Maps/Entry.uexp" 967
"../../../Engine/Content/Maps/Entry.umap" 968
"D:/BaseFiles/Broken/ForgeMachine/Content/Project/MaterialLibrary/Textures/T_UpMenuf.uasset" 969
"D:/BaseFiles/Broken/ForgeMachine/Content/Project/MaterialLibrary/Textures/T_UpMenuf.uexp" 970
"D:/BaseFiles/Broken/ForgeMachine/Content/Project/MaterialLibrary/Textures/T_UpdateMenu.uasset" 971
"D:/BaseFiles/Broken/ForgeMachine/Content/Project/MaterialLibrary/Textures/T_UpdateMenu.uexp" 972
"D:/BaseFiles/Broken/ForgeMachine/Content/Project/MaterialLibrary/Textures/T_SilverCoin2.uasset" 973
"D:/BaseFiles/Broken/ForgeMachine/Content/Project/MaterialLibrary/Textures/T_SilverCoin2.uexp" 974
"D:/BaseFiles/Broken/ForgeMachine/Content/Project/MaterialLibrary/Textures/T_ShopMenu.uasset" 975
"D:/BaseFiles/Broken/ForgeMachine/Content/Project/MaterialLibrary/Textures/T_ShopMenu.uexp" 976
"D:/BaseFiles/Broken/ForgeMachine/Content/Project/MaterialLibrary/Textures/T_Return.uasset" 977
"D:/BaseFiles/Broken/ForgeMachine/Content/Project/MaterialLibrary/Textures/T_Return.uexp" 978
"D:/BaseFiles/Broken/ForgeMachine/Content/Project/MaterialLibrary/Textures/T_LeftMenu.uasset" 979
"D:/BaseFiles/Broken/ForgeMachine/Content/Project/MaterialLibrary/Textures/T_LeftMenu.uexp" 980
"D:/BaseFiles/Broken/ForgeMachine/Content/Project/MaterialLibrary/Textures/T_GoldCoin2.uasset" 981
"D:/BaseFiles/Broken/ForgeMachine/Content/Project/MaterialLibrary/Textures/T_GoldCoin2.uexp" 982
"D:/BaseFiles/Broken/ForgeMachine/Content/Project/MaterialLibrary/Textures/T_ButtonMenu.uasset" 983
"D:/BaseFiles/Broken/ForgeMachine/Content/Project/MaterialLibrary/Textures/T_ButtonMenu.uexp" 984
"D:/BaseFiles/Broken/ForgeMachine/Content/Project/MaterialLibrary/Textures/T_BronzeCoin2.uasset" 985
"D:/BaseFiles/Broken/ForgeMachine/Content/Project/MaterialLibrary/Textures/T_BronzeCoin2.uexp" 986
"D:/BaseFiles/Broken/ForgeMachine/Content/Project/MaterialLibrary/Textures/T_Refuse.uasset" 987
"D:/BaseFiles/Broken/ForgeMachine/Content/Project/MaterialLibrary/Textures/T_Refuse.uexp" 988
"D:/BaseFiles/Broken/ForgeMachine/Content/Project/MaterialLibrary/Textures/T_Accept.uasset" 989
"D:/BaseFiles/Broken/ForgeMachine/Content/Project/MaterialLibrary/Textures/T_Accept.uexp" 990
"D:/BaseFiles/Broken/ForgeMachine/Content/Project/Blueprints/UI/Widgets/WBP_UIINGame.uasset" 991
"D:/BaseFiles/Broken/ForgeMachine/Content/Project/Blueprints/UI/Widgets/WBP_UIINGame.uexp" 992
"D:/BaseFiles/Broken/ForgeMachine/Content/Project/MaterialLibrary/Sounds/SW_InGame.ubulk" 993
"D:/BaseFiles/Broken/ForgeMachine/Content/Project/MaterialLibrary/Sounds/SW_InGame.uasset" 994
"D:/BaseFiles/Broken/ForgeMachine/Content/Project/MaterialLibrary/Sounds/SW_InGame.uexp" 995
"D:/BaseFiles/Broken/ForgeMachine/Content/Project/MaterialLibrary/Sounds/SW_InMenu.ubulk" 996
"D:/BaseFiles/Broken/ForgeMachine/Content/Project/MaterialLibrary/Sounds/SW_InMenu.uasset" 997
"D:/BaseFiles/Broken/ForgeMachine/Content/Project/MaterialLibrary/Sounds/SW_InMenu.uexp" 998
"D:/BaseFiles/Broken/ForgeMachine/Content/Project/MaterialLibrary/Sounds/SW_BGMachinesWorking.ubulk" 999
"D:/BaseFiles/Broken/ForgeMachine/Content/Project/MaterialLibrary/Sounds/SW_BGMachinesWorking.uasset" 1000
"D:/BaseFiles/Broken/ForgeMachine/Content/Project/MaterialLibrary/Sounds/SW_BGMachinesWorking.uexp" 1001
"D:/BaseFiles/Broken/ForgeMachine/Content/Project/MaterialLibrary/Sounds/SW_Clicking.ubulk" 1002
"D:/BaseFiles/Broken/ForgeMachine/Content/Project/MaterialLibrary/Sounds/SW_Clicking.uasset" 1003
"D:/BaseFiles/Broken/ForgeMachine/Content/Project/MaterialLibrary/Sounds/SW_Clicking.uexp" 1004
"D:/BaseFiles/Broken/ForgeMachine/Content/Project/MaterialLibrary/Sounds/SW_BuyFail.ubulk" 1005
"D:/BaseFiles/Broken/ForgeMachine/Content/Project/MaterialLibrary/Sounds/SW_BuyFail.uasset" 1006
"D:/BaseFiles/Broken/ForgeMachine/Content/Project/MaterialLibrary/Sounds/SW_BuyFail.uexp" 1007
"D:/BaseFiles/Broken/ForgeMachine/Content/Project/MaterialLibrary/Textures/T_Settings.uasset" 1008
"D:/BaseFiles/Broken/ForgeMachine/Content/Project/MaterialLibrary/Textures/T_Settings.uexp" 1009
"D:/BaseFiles/Broken/ForgeMachine/Content/Project/MaterialLibrary/Textures/T_Quit.uasset" 1010
"D:/BaseFiles/Broken/ForgeMachine/Content/Project/MaterialLibrary/Textures/T_Quit.uexp" 1011
"D:/BaseFiles/Broken/ForgeMachine/Content/Project/MaterialLibrary/Textures/T_Play.uasset" 1012
"D:/BaseFiles/Broken/ForgeMachine/Content/Project/MaterialLibrary/Textures/T_Play.uexp" 1013
"D:/BaseFiles/Broken/ForgeMachine/Content/Project/Blueprints/UI/Widgets/WBP_MainMenu.uasset" 1014
"D:/BaseFiles/Broken/ForgeMachine/Content/Project/Blueprints/UI/Widgets/WBP_MainMenu.uexp" 1015
"../../../Engine/Content/BasicShapes/Cube.ubulk" 1016
"../../../Engine/Content/BasicShapes/Cube.uasset" 1017
"../../../Engine/Content/BasicShapes/Cube.uexp" 1018
"D:/BaseFiles/Broken/ForgeMachine/Content/Project/MaterialLibrary/Textures/Machine-1/uv_standardSurface2_Roughness.ubulk" 1019
"D:/BaseFiles/Broken/ForgeMachine/Content/Project/MaterialLibrary/Textures/Machine-1/uv_standardSurface2_Roughness.uasset" 1020
"D:/BaseFiles/Broken/ForgeMachine/Content/Project/MaterialLibrary/Textures/Machine-1/uv_standardSurface2_Roughness.uexp" 1021
"D:/BaseFiles/Broken/ForgeMachine/Content/Project/MaterialLibrary/Textures/Machine-1/uv_standardSurface2_Normal.ubulk" 1022
"D:/BaseFiles/Broken/ForgeMachine/Content/Project/MaterialLibrary/Textures/Machine-1/uv_standardSurface2_Normal.uasset" 1023
"D:/BaseFiles/Broken/ForgeMachine/Content/Project/MaterialLibrary/Textures/Machine-1/uv_standardSurface2_Normal.uexp" 1024
"D:/BaseFiles/Broken/ForgeMachine/Content/Project/MaterialLibrary/Textures/Machine-1/uv_standardSurface2_Metallic.ubulk" 1025
"D:/BaseFiles/Broken/ForgeMachine/Content/Project/MaterialLibrary/Textures/Machine-1/uv_standardSurface2_Metallic.uasset" 1026
"D:/BaseFiles/Broken/ForgeMachine/Content/Project/MaterialLibrary/Textures/Machine-1/uv_standardSurface2_Metallic.uexp" 1027
"D:/BaseFiles/Broken/ForgeMachine/Content/Project/MaterialLibrary/Textures/Machine-1/uv_standardSurface2_Emissive.ubulk" 1028
"D:/BaseFiles/Broken/ForgeMachine/Content/Project/MaterialLibrary/Textures/Machine-1/uv_standardSurface2_Emissive.uasset" 1029
"D:/BaseFiles/Broken/ForgeMachine/Content/Project/MaterialLibrary/Textures/Machine-1/uv_standardSurface2_Emissive.uexp" 1030
"D:/BaseFiles/Broken/ForgeMachine/Content/Project/MaterialLibrary/Textures/Machine-1/uv_standardSurface2_BaseColor.ubulk" 1031
"D:/BaseFiles/Broken/ForgeMachine/Content/Project/MaterialLibrary/Textures/Machine-1/uv_standardSurface2_BaseColor.uasset" 1032
"D:/BaseFiles/Broken/ForgeMachine/Content/Project/MaterialLibrary/Textures/Machine-1/uv_standardSurface2_BaseColor.uexp" 1033
"D:/BaseFiles/Broken/ForgeMachine/Content/Project/MaterialLibrary/Materials/M_Kuper1lvl.uasset" 1034
"D:/BaseFiles/Broken/ForgeMachine/Content/Project/MaterialLibrary/Materials/M_Kuper1lvl.uexp" 1035
"D:/BaseFiles/Broken/ForgeMachine/Content/Project/MaterialLibrary/Meshes/Stanok2.ubulk" 1036
"D:/BaseFiles/Broken/ForgeMachine/Content/Project/MaterialLibrary/Meshes/Stanok2.uasset" 1037
"D:/BaseFiles/Broken/ForgeMachine/Content/Project/MaterialLibrary/Meshes/Stanok2.uexp" 1038
"D:/BaseFiles/Broken/ForgeMachine/Content/Project/MaterialLibrary/Textures/Safe/Seif1_standardSurface1_001_Roughness.ubulk" 1039
"D:/BaseFiles/Broken/ForgeMachine/Content/Project/MaterialLibrary/Textures/Safe/Seif1_standardSurface1_001_Roughness.uasset" 1040
"D:/BaseFiles/Broken/ForgeMachine/Content/Project/MaterialLibrary/Textures/Safe/Seif1_standardSurface1_001_Roughness.uexp" 1041
"D:/BaseFiles/Broken/ForgeMachine/Content/Project/MaterialLibrary/Textures/Safe/Seif1_standardSurface1_001_Normal_1001_1.ubulk" 1042
"D:/BaseFiles/Broken/ForgeMachine/Content/Project/MaterialLibrary/Textures/Safe/Seif1_standardSurface1_001_Normal_1001_1.uasset" 1043
"D:/BaseFiles/Broken/ForgeMachine/Content/Project/MaterialLibrary/Textures/Safe/Seif1_standardSurface1_001_Normal_1001_1.uexp" 1044
"D:/BaseFiles/Broken/ForgeMachine/Content/Project/MaterialLibrary/Textures/Safe/Seif1_standardSurface1_001_Metallic.ubulk" 1045
"D:/BaseFiles/Broken/ForgeMachine/Content/Project/MaterialLibrary/Textures/Safe/Seif1_standardSurface1_001_Metallic.uasset" 1046
"D:/BaseFiles/Broken/ForgeMachine/Content/Project/MaterialLibrary/Textures/Safe/Seif1_standardSurface1_001_Metallic.uexp" 1047
"D:/BaseFiles/Broken/ForgeMachine/Content/Project/MaterialLibrary/Textures/Safe/Seif1_standardSurface1_001_BaseColor.ubulk" 1048
"D:/BaseFiles/Broken/ForgeMachine/Content/Project/MaterialLibrary/Textures/Safe/Seif1_standardSurface1_001_BaseColor.uasset" 1049
"D:/BaseFiles/Broken/ForgeMachine/Content/Project/MaterialLibrary/Textures/Safe/Seif1_standardSurface1_001_BaseColor.uexp" 1050
"D:/BaseFiles/Broken/ForgeMachine/Content/Project/MaterialLibrary/Materials/M_Safe.uasset" 1051
"D:/BaseFiles/Broken/ForgeMachine/Content/Project/MaterialLibrary/Materials/M_Safe.uexp" 1052
"D:/BaseFiles/Broken/ForgeMachine/Content/Project/MaterialLibrary/Meshes/Seif.ubulk" 1053
"D:/BaseFiles/Broken/ForgeMachine/Content/Project/MaterialLibrary/Meshes/Seif.uasset" 1054
"D:/BaseFiles/Broken/ForgeMachine/Content/Project/MaterialLibrary/Meshes/Seif.uexp" 1055
"D:/BaseFiles/Broken/ForgeMachine/Content/Project/MaterialLibrary/Textures/Mail/POCHTA2_DefaultMaterial_Roughness.ubulk" 1056
"D:/BaseFiles/Broken/ForgeMachine/Content/Project/MaterialLibrary/Textures/Mail/POCHTA2_DefaultMaterial_Roughness.uasset" 1057
"D:/BaseFiles/Broken/ForgeMachine/Content/Project/MaterialLibrary/Textures/Mail/POCHTA2_DefaultMaterial_Roughness.uexp" 1058
"D:/BaseFiles/Broken/ForgeMachine/Content/Project/MaterialLibrary/Textures/Mail/POCHTA2_DefaultMaterial_Normal.ubulk" 1059
"D:/BaseFiles/Broken/ForgeMachine/Content/Project/MaterialLibrary/Textures/Mail/POCHTA2_DefaultMaterial_Normal.uasset" 1060
"D:/BaseFiles/Broken/ForgeMachine/Content/Project/MaterialLibrary/Textures/Mail/POCHTA2_DefaultMaterial_Normal.uexp" 1061
"D:/BaseFiles/Broken/ForgeMachine/Content/Project/MaterialLibrary/Textures/Mail/POCHTA2_DefaultMaterial_Metallic.ubulk" 1062
"D:/BaseFiles/Broken/ForgeMachine/Content/Project/MaterialLibrary/Textures/Mail/POCHTA2_DefaultMaterial_Metallic.uasset" 1063
"D:/BaseFiles/Broken/ForgeMachine/Content/Project/MaterialLibrary/Textures/Mail/POCHTA2_DefaultMaterial_Metallic.uexp" 1064
"D:/BaseFiles/Broken/ForgeMachine/Content/Project/MaterialLibrary/Textures/Mail/POCHTA2_DefaultMaterial_BaseColor.ubulk" 1065
"D:/BaseFiles/Broken/ForgeMachine/Content/Project/MaterialLibrary/Textures/Mail/POCHTA2_DefaultMaterial_BaseColor.uasset" 1066
"D:/BaseFiles/Broken/ForgeMachine/Content/Project/MaterialLibrary/Textures/Mail/POCHTA2_DefaultMaterial_BaseColor.uexp" 1067
"D:/BaseFiles/Broken/ForgeMachine/Content/Project/MaterialLibrary/Materials/M_Mail.uasset" 1068
"D:/BaseFiles/Broken/ForgeMachine/Content/Project/MaterialLibrary/Materials/M_Mail.uexp" 1069
"D:/BaseFiles/Broken/ForgeMachine/Content/Project/MaterialLibrary/Meshes/Pochta.ubulk" 1070
"D:/BaseFiles/Broken/ForgeMachine/Content/Project/MaterialLibrary/Meshes/Pochta.uasset" 1071
"D:/BaseFiles/Broken/ForgeMachine/Content/Project/MaterialLibrary/Meshes/Pochta.uexp" 1072
"D:/BaseFiles/Broken/ForgeMachine/Content/Project/MaterialLibrary/Textures/LargeBattery/photo_2026-02-05_12-29-03.uasset" 1073
"D:/BaseFiles/Broken/ForgeMachine/Content/Project/MaterialLibrary/Textures/LargeBattery/photo_2026-02-05_12-29-03.uexp" 1074
"D:/BaseFiles/Broken/ForgeMachine/Content/Project/MaterialLibrary/Textures/LargeBattery/Large_Battery4_standardSurface1_Roughness.ubulk" 1075
"D:/BaseFiles/Broken/ForgeMachine/Content/Project/MaterialLibrary/Textures/LargeBattery/Large_Battery4_standardSurface1_Roughness.uasset" 1076
"D:/BaseFiles/Broken/ForgeMachine/Content/Project/MaterialLibrary/Textures/LargeBattery/Large_Battery4_standardSurface1_Roughness.uexp" 1077
"D:/BaseFiles/Broken/ForgeMachine/Content/Project/MaterialLibrary/Textures/LargeBattery/Large_Battery4_standardSurface1_Metallic.ubulk" 1078
"D:/BaseFiles/Broken/ForgeMachine/Content/Project/MaterialLibrary/Textures/LargeBattery/Large_Battery4_standardSurface1_Metallic.uasset" 1079
"D:/BaseFiles/Broken/ForgeMachine/Content/Project/MaterialLibrary/Textures/LargeBattery/Large_Battery4_standardSurface1_Metallic.uexp" 1080
"D:/BaseFiles/Broken/ForgeMachine/Content/Project/MaterialLibrary/Textures/LargeBattery/Large_Battery4_standardSurface1_BaseColor.ubulk" 1081
"D:/BaseFiles/Broken/ForgeMachine/Content/Project/MaterialLibrary/Textures/LargeBattery/Large_Battery4_standardSurface1_BaseColor.uasset" 1082
"D:/BaseFiles/Broken/ForgeMachine/Content/Project/MaterialLibrary/Textures/LargeBattery/Large_Battery4_standardSurface1_BaseColor.uexp" 1083
"D:/BaseFiles/Broken/ForgeMachine/Content/Project/MaterialLibrary/Materials/M_LargeBattery.uasset" 1084
"D:/BaseFiles/Broken/ForgeMachine/Content/Project/MaterialLibrary/Materials/M_LargeBattery.uexp" 1085
"D:/BaseFiles/Broken/ForgeMachine/Content/Project/MaterialLibrary/Meshes/Large_Battery4.ubulk" 1086
"D:/BaseFiles/Broken/ForgeMachine/Content/Project/MaterialLibrary/Meshes/Large_Battery4.uasset" 1087
"D:/BaseFiles/Broken/ForgeMachine/Content/Project/MaterialLibrary/Meshes/Large_Battery4.uexp" 1088
"D:/BaseFiles/Broken/ForgeMachine/Content/Project/MaterialLibrary/Textures/Lamp/bi_battery_standardSurface1_Roughness.ubulk" 1089
"D:/BaseFiles/Broken/ForgeMachine/Content/Project/MaterialLibrary/Textures/Lamp/bi_battery_standardSurface1_Roughness.uasset" 1090
"D:/BaseFiles/Broken/ForgeMachine/Content/Project/MaterialLibrary/Textures/Lamp/bi_battery_standardSurface1_Roughness.uexp" 1091
"D:/BaseFiles/Broken/ForgeMachine/Content/Project/MaterialLibrary/Textures/Lamp/bi_battery_standardSurface1_Normal.ubulk" 1092
"D:/BaseFiles/Broken/ForgeMachine/Content/Project/MaterialLibrary/Textures/Lamp/bi_battery_standardSurface1_Normal.uasset" 1093
"D:/BaseFiles/Broken/ForgeMachine/Content/Project/MaterialLibrary/Textures/Lamp/bi_battery_standardSurface1_Normal.uexp" 1094
"D:/BaseFiles/Broken/ForgeMachine/Content/Project/MaterialLibrary/Textures/Lamp/bi_battery_standardSurface1_Metallic.ubulk" 1095
"D:/BaseFiles/Broken/ForgeMachine/Content/Project/MaterialLibrary/Textures/Lamp/bi_battery_standardSurface1_Metallic.uasset" 1096
"D:/BaseFiles/Broken/ForgeMachine/Content/Project/MaterialLibrary/Textures/Lamp/bi_battery_standardSurface1_Metallic.uexp" 1097
"D:/BaseFiles/Broken/ForgeMachine/Content/Project/MaterialLibrary/Textures/Lamp/bi_battery_standardSurface1_Emissive.ubulk" 1098
"D:/BaseFiles/Broken/ForgeMachine/Content/Project/MaterialLibrary/Textures/Lamp/bi_battery_standardSurface1_Emissive.uasset" 1099
"D:/BaseFiles/Broken/ForgeMachine/Content/Project/MaterialLibrary/Textures/Lamp/bi_battery_standardSurface1_Emissive.uexp" 1100
"D:/BaseFiles/Broken/ForgeMachine/Content/Project/MaterialLibrary/Textures/Lamp/bi_battery_standardSurface1_BaseColor.ubulk" 1101
"D:/BaseFiles/Broken/ForgeMachine/Content/Project/MaterialLibrary/Textures/Lamp/bi_battery_standardSurface1_BaseColor.uasset" 1102
"D:/BaseFiles/Broken/ForgeMachine/Content/Project/MaterialLibrary/Textures/Lamp/bi_battery_standardSurface1_BaseColor.uexp" 1103
"D:/BaseFiles/Broken/ForgeMachine/Content/Project/MaterialLibrary/Materials/M_Lampa.uasset" 1104
"D:/BaseFiles/Broken/ForgeMachine/Content/Project/MaterialLibrary/Materials/M_Lampa.uexp" 1105
"D:/BaseFiles/Broken/ForgeMachine/Content/Project/MaterialLibrary/Meshes/lampa.ubulk" 1106
"D:/BaseFiles/Broken/ForgeMachine/Content/Project/MaterialLibrary/Meshes/lampa.uasset" 1107
"D:/BaseFiles/Broken/ForgeMachine/Content/Project/MaterialLibrary/Meshes/lampa.uexp" 1108
"D:/BaseFiles/Broken/ForgeMachine/Content/Project/MaterialLibrary/Textures/Battarey/lol_DefaultMaterial_Roughness.ubulk" 1109
"D:/BaseFiles/Broken/ForgeMachine/Content/Project/MaterialLibrary/Textures/Battarey/lol_DefaultMaterial_Roughness.uasset" 1110
"D:/BaseFiles/Broken/ForgeMachine/Content/Project/MaterialLibrary/Textures/Battarey/lol_DefaultMaterial_Roughness.uexp" 1111
"D:/BaseFiles/Broken/ForgeMachine/Content/Project/MaterialLibrary/Textures/Battarey/lol_DefaultMaterial_Normal.ubulk" 1112
"D:/BaseFiles/Broken/ForgeMachine/Content/Project/MaterialLibrary/Textures/Battarey/lol_DefaultMaterial_Normal.uasset" 1113
"D:/BaseFiles/Broken/ForgeMachine/Content/Project/MaterialLibrary/Textures/Battarey/lol_DefaultMaterial_Normal.uexp" 1114
"D:/BaseFiles/Broken/ForgeMachine/Content/Project/MaterialLibrary/Textures/Battarey/lol_DefaultMaterial_Metallic.ubulk" 1115
"D:/BaseFiles/Broken/ForgeMachine/Content/Project/MaterialLibrary/Textures/Battarey/lol_DefaultMaterial_Metallic.uasset" 1116
"D:/BaseFiles/Broken/ForgeMachine/Content/Project/MaterialLibrary/Textures/Battarey/lol_DefaultMaterial_Metallic.uexp" 1117
"D:/BaseFiles/Broken/ForgeMachine/Content/Project/MaterialLibrary/Textures/Battarey/lol_DefaultMaterial_BaseColor.ubulk" 1118
"D:/BaseFiles/Broken/ForgeMachine/Content/Project/MaterialLibrary/Textures/Battarey/lol_DefaultMaterial_BaseColor.uasset" 1119
"D:/BaseFiles/Broken/ForgeMachine/Content/Project/MaterialLibrary/Textures/Battarey/lol_DefaultMaterial_BaseColor.uexp" 1120
"D:/BaseFiles/Broken/ForgeMachine/Content/Project/MaterialLibrary/Materials/M_Battarey2lvl.uasset" 1121
"D:/BaseFiles/Broken/ForgeMachine/Content/Project/MaterialLibrary/Materials/M_Battarey2lvl.uexp" 1122
"D:/BaseFiles/Broken/ForgeMachine/Content/Project/MaterialLibrary/Meshes/Big_boy.ubulk" 1123
"D:/BaseFiles/Broken/ForgeMachine/Content/Project/MaterialLibrary/Meshes/Big_boy.uasset" 1124
"D:/BaseFiles/Broken/ForgeMachine/Content/Project/MaterialLibrary/Meshes/Big_boy.uexp" 1125
"D:/BaseFiles/Broken/ForgeMachine/Content/M5VFXVOL2/Textures/CandleFire/CandleFire_D.ubulk" 1126
"D:/BaseFiles/Broken/ForgeMachine/Content/M5VFXVOL2/Textures/CandleFire/CandleFire_D.uasset" 1127
"D:/BaseFiles/Broken/ForgeMachine/Content/M5VFXVOL2/Textures/CandleFire/CandleFire_D.uexp" 1128
"D:/BaseFiles/Broken/ForgeMachine/Content/M5VFXVOL2/Materials/Master/Sequence_Mat.uasset" 1129
"D:/BaseFiles/Broken/ForgeMachine/Content/M5VFXVOL2/Materials/Master/Sequence_Mat.uexp" 1130
"D:/BaseFiles/Broken/ForgeMachine/Content/M5VFXVOL2/Textures/Fireloop/grdbasefire2.ubulk" 1131
"D:/BaseFiles/Broken/ForgeMachine/Content/M5VFXVOL2/Textures/Fireloop/grdbasefire2.uasset" 1132
"D:/BaseFiles/Broken/ForgeMachine/Content/M5VFXVOL2/Textures/Fireloop/grdbasefire2.uexp" 1133
"D:/BaseFiles/Broken/ForgeMachine/Content/M5VFXVOL2/Materials/Fireloop_Inst/grdbasefire2_Inst.uasset" 1134
"D:/BaseFiles/Broken/ForgeMachine/Content/M5VFXVOL2/Materials/Fireloop_Inst/grdbasefire2_Inst.uexp" 1135
"D:/BaseFiles/Broken/ForgeMachine/Content/M5VFXVOL2/Textures/Flow/Flame.ubulk" 1136
"D:/BaseFiles/Broken/ForgeMachine/Content/M5VFXVOL2/Textures/Flow/Flame.uasset" 1137
"D:/BaseFiles/Broken/ForgeMachine/Content/M5VFXVOL2/Textures/Flow/Flame.uexp" 1138
"D:/BaseFiles/Broken/ForgeMachine/Content/M5VFXVOL2/Materials/Master/Basic_Emi_Mat.uasset" 1139
"D:/BaseFiles/Broken/ForgeMachine/Content/M5VFXVOL2/Materials/Master/Basic_Emi_Mat.uexp" 1140
"D:/BaseFiles/Broken/ForgeMachine/Content/M5VFXVOL2/Materials/Etc/Flame_Inst.uasset" 1141
"D:/BaseFiles/Broken/ForgeMachine/Content/M5VFXVOL2/Materials/Etc/Flame_Inst.uexp" 1142
"D:/BaseFiles/Broken/ForgeMachine/Content/M5VFXVOL2/Textures/Flow/disort_test2.ubulk" 1143
"D:/BaseFiles/Broken/ForgeMachine/Content/M5VFXVOL2/Textures/Flow/disort_test2.uasset" 1144
"D:/BaseFiles/Broken/ForgeMachine/Content/M5VFXVOL2/Textures/Flow/disort_test2.uexp" 1145
"D:/BaseFiles/Broken/ForgeMachine/Content/M5VFXVOL2/Textures/Flow/EmberNoise3.uasset" 1146
"D:/BaseFiles/Broken/ForgeMachine/Content/M5VFXVOL2/Textures/Flow/EmberNoise3.uexp" 1147
"D:/BaseFiles/Broken/ForgeMachine/Content/M5VFXVOL2/Textures/firesingle/bigfire_single.ubulk" 1148
"D:/BaseFiles/Broken/ForgeMachine/Content/M5VFXVOL2/Textures/firesingle/bigfire_single.uasset" 1149
"D:/BaseFiles/Broken/ForgeMachine/Content/M5VFXVOL2/Textures/firesingle/bigfire_single.uexp" 1150
"D:/BaseFiles/Broken/ForgeMachine/Content/M5VFXVOL2/Materials/Master/Distortion_Mat.uasset" 1151
"D:/BaseFiles/Broken/ForgeMachine/Content/M5VFXVOL2/Materials/Master/Distortion_Mat.uexp" 1152
"D:/BaseFiles/Broken/ForgeMachine/Content/M5VFXVOL2/Materials/Distortion/Distortion_Mat_Inst2.uasset" 1153
"D:/BaseFiles/Broken/ForgeMachine/Content/M5VFXVOL2/Materials/Distortion/Distortion_Mat_Inst2.uexp" 1154
"D:/BaseFiles/Broken/ForgeMachine/Content/M5VFXVOL2/Textures/smoke/5_6_smoke6.ubulk" 1155
"D:/BaseFiles/Broken/ForgeMachine/Content/M5VFXVOL2/Textures/smoke/5_6_smoke6.uasset" 1156
"D:/BaseFiles/Broken/ForgeMachine/Content/M5VFXVOL2/Textures/smoke/5_6_smoke6.uexp" 1157
"D:/BaseFiles/Broken/ForgeMachine/Content/M5VFXVOL2/Textures/Flow/Circle_normal.ubulk" 1158
"D:/BaseFiles/Broken/ForgeMachine/Content/M5VFXVOL2/Textures/Flow/Circle_normal.uasset" 1159
"D:/BaseFiles/Broken/ForgeMachine/Content/M5VFXVOL2/Textures/Flow/Circle_normal.uexp" 1160
"D:/BaseFiles/Broken/ForgeMachine/Content/M5VFXVOL2/Textures/smoke/0_6_smoke.ubulk" 1161
"D:/BaseFiles/Broken/ForgeMachine/Content/M5VFXVOL2/Textures/smoke/0_6_smoke.uasset" 1162
"D:/BaseFiles/Broken/ForgeMachine/Content/M5VFXVOL2/Textures/smoke/0_6_smoke.uexp" 1163
"D:/BaseFiles/Broken/ForgeMachine/Content/M5VFXVOL2/Materials/Master/Smoke1_Mat.uasset" 1164
"D:/BaseFiles/Broken/ForgeMachine/Content/M5VFXVOL2/Materials/Master/Smoke1_Mat.uexp" 1165
"D:/BaseFiles/Broken/ForgeMachine/Content/M5VFXVOL2/Materials/Smoke_Inst/5_6_smoke6_Inst.uasset" 1166
"D:/BaseFiles/Broken/ForgeMachine/Content/M5VFXVOL2/Materials/Smoke_Inst/5_6_smoke6_Inst.uexp" 1167
"D:/BaseFiles/Broken/ForgeMachine/Content/M5VFXVOL2/Niagara/Fire/NFire_15.uasset" 1168
"D:/BaseFiles/Broken/ForgeMachine/Content/M5VFXVOL2/Niagara/Fire/NFire_15.uexp" 1169
"D:/BaseFiles/Broken/ForgeMachine/Content/Project/MaterialLibrary/Sounds/SW_StartMachineClick.ubulk" 1170
"D:/BaseFiles/Broken/ForgeMachine/Content/Project/MaterialLibrary/Sounds/SW_StartMachineClick.uasset" 1171
"D:/BaseFiles/Broken/ForgeMachine/Content/Project/MaterialLibrary/Sounds/SW_StartMachineClick.uexp" 1172
"D:/BaseFiles/Broken/ForgeMachine/Content/Project/MaterialLibrary/Meshes/parovoy_kuper_2nd_lvl.ubulk" 1173
"D:/BaseFiles/Broken/ForgeMachine/Content/Project/MaterialLibrary/Meshes/parovoy_kuper_2nd_lvl.uasset" 1174
"D:/BaseFiles/Broken/ForgeMachine/Content/Project/MaterialLibrary/Meshes/parovoy_kuper_2nd_lvl.uexp" 1175
"D:/BaseFiles/Broken/ForgeMachine/Content/Project/MaterialLibrary/Textures/Machine-1/parovoy_kuper_03_standardSurface2_Roughness.ubulk" 1176
"D:/BaseFiles/Broken/ForgeMachine/Content/Project/MaterialLibrary/Textures/Machine-1/parovoy_kuper_03_standardSurface2_Roughness.uasset" 1177
"D:/BaseFiles/Broken/ForgeMachine/Content/Project/MaterialLibrary/Textures/Machine-1/parovoy_kuper_03_standardSurface2_Roughness.uexp" 1178
"D:/BaseFiles/Broken/ForgeMachine/Content/Project/MaterialLibrary/Textures/Machine-1/parovoy_kuper_03_standardSurface2_Normal.ubulk" 1179
"D:/BaseFiles/Broken/ForgeMachine/Content/Project/MaterialLibrary/Textures/Machine-1/parovoy_kuper_03_standardSurface2_Normal.uasset" 1180
"D:/BaseFiles/Broken/ForgeMachine/Content/Project/MaterialLibrary/Textures/Machine-1/parovoy_kuper_03_standardSurface2_Normal.uexp" 1181
"D:/BaseFiles/Broken/ForgeMachine/Content/Project/MaterialLibrary/Textures/Machine-1/parovoy_kuper_03_standardSurface2_Metallic.ubulk" 1182
"D:/BaseFiles/Broken/ForgeMachine/Content/Project/MaterialLibrary/Textures/Machine-1/parovoy_kuper_03_standardSurface2_Metallic.uasset" 1183
"D:/BaseFiles/Broken/ForgeMachine/Content/Project/MaterialLibrary/Textures/Machine-1/parovoy_kuper_03_standardSurface2_Metallic.uexp" 1184
"D:/BaseFiles/Broken/ForgeMachine/Content/Project/MaterialLibrary/Textures/Machine-1/parovoy_kuper_03_standardSurface2_Emissive.ubulk" 1185
"D:/BaseFiles/Broken/ForgeMachine/Content/Project/MaterialLibrary/Textures/Machine-1/parovoy_kuper_03_standardSurface2_Emissive.uasset" 1186
"D:/BaseFiles/Broken/ForgeMachine/Content/Project/MaterialLibrary/Textures/Machine-1/parovoy_kuper_03_standardSurface2_Emissive.uexp" 1187
"D:/BaseFiles/Broken/ForgeMachine/Content/Project/MaterialLibrary/Textures/Machine-1/parovoy_kuper_03_standardSurface2_BaseColor.ubulk" 1188
"D:/BaseFiles/Broken/ForgeMachine/Content/Project/MaterialLibrary/Textures/Machine-1/parovoy_kuper_03_standardSurface2_BaseColor.uasset" 1189
"D:/BaseFiles/Broken/ForgeMachine/Content/Project/MaterialLibrary/Textures/Machine-1/parovoy_kuper_03_standardSurface2_BaseColor.uexp" 1190
"D:/BaseFiles/Broken/ForgeMachine/Content/Project/MaterialLibrary/Materials/M_Kuper3lvl.uasset" 1191
"D:/BaseFiles/Broken/ForgeMachine/Content/Project/MaterialLibrary/Materials/M_Kuper3lvl.uexp" 1192
"D:/BaseFiles/Broken/ForgeMachine/Content/Project/MaterialLibrary/Meshes/parovoy_kuper_03.ubulk" 1193
"D:/BaseFiles/Broken/ForgeMachine/Content/Project/MaterialLibrary/Meshes/parovoy_kuper_03.uasset" 1194
"D:/BaseFiles/Broken/ForgeMachine/Content/Project/MaterialLibrary/Meshes/parovoy_kuper_03.uexp" 1195
"D:/BaseFiles/Broken/ForgeMachine/Content/Project/MaterialLibrary/Materials/M_Outline.uasset" 1196
"D:/BaseFiles/Broken/ForgeMachine/Content/Project/MaterialLibrary/Materials/M_Outline.uexp" 1197
"D:/BaseFiles/Broken/ForgeMachine/Content/Project/Blueprints/Actors/Machines/Machine-1/Machine-1.uasset" 1198
"D:/BaseFiles/Broken/ForgeMachine/Content/Project/Blueprints/Actors/Machines/Machine-1/Machine-1.uexp" 1199
"D:/BaseFiles/Broken/ForgeMachine/Content/Project/MaterialLibrary/Sounds/SW_SafeMoneyEarn.ubulk" 1200
"D:/BaseFiles/Broken/ForgeMachine/Content/Project/MaterialLibrary/Sounds/SW_SafeMoneyEarn.uasset" 1201
"D:/BaseFiles/Broken/ForgeMachine/Content/Project/MaterialLibrary/Sounds/SW_SafeMoneyEarn.uexp" 1202
"D:/BaseFiles/Broken/ForgeMachine/Content/Project/MaterialLibrary/Sounds/SA_Safe.uasset" 1203
"D:/BaseFiles/Broken/ForgeMachine/Content/Project/MaterialLibrary/Sounds/SA_Safe.uexp" 1204
"D:/BaseFiles/Broken/ForgeMachine/Content/Project/MaterialLibrary/Textures/Safe/Seif_pro_standardSurface1_001_Roughness.ubulk" 1205
"D:/BaseFiles/Broken/ForgeMachine/Content/Project/MaterialLibrary/Textures/Safe/Seif_pro_standardSurface1_001_Roughness.uasset" 1206
"D:/BaseFiles/Broken/ForgeMachine/Content/Project/MaterialLibrary/Textures/Safe/Seif_pro_standardSurface1_001_Roughness.uexp" 1207
"D:/BaseFiles/Broken/ForgeMachine/Content/Project/MaterialLibrary/Textures/Safe/Seif_pro_standardSurface1_001_Normal.ubulk" 1208
"D:/BaseFiles/Broken/ForgeMachine/Content/Project/MaterialLibrary/Textures/Safe/Seif_pro_standardSurface1_001_Normal.uasset" 1209
"D:/BaseFiles/Broken/ForgeMachine/Content/Project/MaterialLibrary/Textures/Safe/Seif_pro_standardSurface1_001_Normal.uexp" 1210
"D:/BaseFiles/Broken/ForgeMachine/Content/Project/MaterialLibrary/Textures/Safe/Seif_pro_standardSurface1_001_Metallic.ubulk" 1211
"D:/BaseFiles/Broken/ForgeMachine/Content/Project/MaterialLibrary/Textures/Safe/Seif_pro_standardSurface1_001_Metallic.uasset" 1212
"D:/BaseFiles/Broken/ForgeMachine/Content/Project/MaterialLibrary/Textures/Safe/Seif_pro_standardSurface1_001_Metallic.uexp" 1213
"D:/BaseFiles/Broken/ForgeMachine/Content/Project/MaterialLibrary/Textures/Safe/Seif_pro_standardSurface1_001_BaseColor.ubulk" 1214
"D:/BaseFiles/Broken/ForgeMachine/Content/Project/MaterialLibrary/Textures/Safe/Seif_pro_standardSurface1_001_BaseColor.uasset" 1215
"D:/BaseFiles/Broken/ForgeMachine/Content/Project/MaterialLibrary/Textures/Safe/Seif_pro_standardSurface1_001_BaseColor.uexp" 1216
"D:/BaseFiles/Broken/ForgeMachine/Content/Project/MaterialLibrary/Materials/M_Safe2lvl.uasset" 1217
"D:/BaseFiles/Broken/ForgeMachine/Content/Project/MaterialLibrary/Materials/M_Safe2lvl.uexp" 1218
"D:/BaseFiles/Broken/ForgeMachine/Content/Project/MaterialLibrary/Meshes/safe_2nd_lvl.ubulk" 1219
"D:/BaseFiles/Broken/ForgeMachine/Content/Project/MaterialLibrary/Meshes/safe_2nd_lvl.uasset" 1220
"D:/BaseFiles/Broken/ForgeMachine/Content/Project/MaterialLibrary/Meshes/safe_2nd_lvl.uexp" 1221
"D:/BaseFiles/Broken/ForgeMachine/Content/Project/Blueprints/Actors/Machines/Safe/BP_Safe.uasset" 1222
"D:/BaseFiles/Broken/ForgeMachine/Content/Project/Blueprints/Actors/Machines/Safe/BP_Safe.uexp" 1223
"D:/BaseFiles/Broken/ForgeMachine/Content/M5VFXVOL2/Textures/Fireloop/bonefire3.ubulk" 1224
"D:/BaseFiles/Broken/ForgeMachine/Content/M5VFXVOL2/Textures/Fireloop/bonefire3.uasset" 1225
"D:/BaseFiles/Broken/ForgeMachine/Content/M5VFXVOL2/Textures/Fireloop/bonefire3.uexp" 1226
"D:/BaseFiles/Broken/ForgeMachine/Content/M5VFXVOL2/Materials/Fireloop_Inst/BoneFire3_Inst.uasset" 1227
"D:/BaseFiles/Broken/ForgeMachine/Content/M5VFXVOL2/Materials/Fireloop_Inst/BoneFire3_Inst.uexp" 1228
"D:/BaseFiles/Broken/ForgeMachine/Content/M5VFXVOL2/Materials/Smoke_Inst/0_6_smoke_Inst.uasset" 1229
"D:/BaseFiles/Broken/ForgeMachine/Content/M5VFXVOL2/Materials/Smoke_Inst/0_6_smoke_Inst.uexp" 1230
"D:/BaseFiles/Broken/ForgeMachine/Content/M5VFXVOL2/Textures/Fire/bonefire_fwd4.ubulk" 1231
"D:/BaseFiles/Broken/ForgeMachine/Content/M5VFXVOL2/Textures/Fire/bonefire_fwd4.uasset" 1232
"D:/BaseFiles/Broken/ForgeMachine/Content/M5VFXVOL2/Textures/Fire/bonefire_fwd4.uexp" 1233
"D:/BaseFiles/Broken/ForgeMachine/Content/M5VFXVOL2/Materials/Fire_Inst/BoneFire_fwd4_Inst.uasset" 1234
"D:/BaseFiles/Broken/ForgeMachine/Content/M5VFXVOL2/Materials/Fire_Inst/BoneFire_fwd4_Inst.uexp" 1235
"D:/BaseFiles/Broken/ForgeMachine/Content/M5VFXVOL2/Niagara/Fire/NFire_00.uasset" 1236
"D:/BaseFiles/Broken/ForgeMachine/Content/M5VFXVOL2/Niagara/Fire/NFire_00.uexp" 1237
"D:/BaseFiles/Broken/ForgeMachine/Content/Project/MaterialLibrary/Sounds/SW_BigBatteryFinishedProduction.ubulk" 1238
"D:/BaseFiles/Broken/ForgeMachine/Content/Project/MaterialLibrary/Sounds/SW_BigBatteryFinishedProduction.uasset" 1239
"D:/BaseFiles/Broken/ForgeMachine/Content/Project/MaterialLibrary/Sounds/SW_BigBatteryFinishedProduction.uexp" 1240
"D:/BaseFiles/Broken/ForgeMachine/Content/Project/MaterialLibrary/Sounds/SA_Machine.uasset" 1241
"D:/BaseFiles/Broken/ForgeMachine/Content/Project/MaterialLibrary/Sounds/SA_Machine.uexp" 1242
"D:/BaseFiles/Broken/ForgeMachine/Content/Project/Blueprints/Actors/Machines/LargeBattery/BP_LargeBattery.uasset" 1243
"D:/BaseFiles/Broken/ForgeMachine/Content/Project/Blueprints/Actors/Machines/LargeBattery/BP_LargeBattery.uexp" 1244
"D:/BaseFiles/Broken/ForgeMachine/Content/Project/MaterialLibrary/Sounds/SW_MailAppear.ubulk" 1245
"D:/BaseFiles/Broken/ForgeMachine/Content/Project/MaterialLibrary/Sounds/SW_MailAppear.uasset" 1246
"D:/BaseFiles/Broken/ForgeMachine/Content/Project/MaterialLibrary/Sounds/SW_MailAppear.uexp" 1247
"D:/BaseFiles/Broken/ForgeMachine/Content/Project/Blueprints/Actors/Machines/Mail/BP_Mail.uasset" 1248
"D:/BaseFiles/Broken/ForgeMachine/Content/Project/Blueprints/Actors/Machines/Mail/BP_Mail.uexp" 1249
"D:/BaseFiles/Broken/ForgeMachine/Content/Project/MaterialLibrary/Sounds/SW_BigLampActive.ubulk" 1250
"D:/BaseFiles/Broken/ForgeMachine/Content/Project/MaterialLibrary/Sounds/SW_BigLampActive.uasset" 1251
"D:/BaseFiles/Broken/ForgeMachine/Content/Project/MaterialLibrary/Sounds/SW_BigLampActive.uexp" 1252
"D:/BaseFiles/Broken/ForgeMachine/Content/Project/MaterialLibrary/Textures/Lamp/lamp_02_standardSurface2_Roughness.ubulk" 1253
"D:/BaseFiles/Broken/ForgeMachine/Content/Project/MaterialLibrary/Textures/Lamp/lamp_02_standardSurface2_Roughness.uasset" 1254
"D:/BaseFiles/Broken/ForgeMachine/Content/Project/MaterialLibrary/Textures/Lamp/lamp_02_standardSurface2_Roughness.uexp" 1255
"D:/BaseFiles/Broken/ForgeMachine/Content/Project/MaterialLibrary/Textures/Lamp/lamp_02_standardSurface2_Normal.ubulk" 1256
"D:/BaseFiles/Broken/ForgeMachine/Content/Project/MaterialLibrary/Textures/Lamp/lamp_02_standardSurface2_Normal.uasset" 1257
"D:/BaseFiles/Broken/ForgeMachine/Content/Project/MaterialLibrary/Textures/Lamp/lamp_02_standardSurface2_Normal.uexp" 1258
"D:/BaseFiles/Broken/ForgeMachine/Content/Project/MaterialLibrary/Textures/Lamp/lamp_02_standardSurface2_Metallic.ubulk" 1259
"D:/BaseFiles/Broken/ForgeMachine/Content/Project/MaterialLibrary/Textures/Lamp/lamp_02_standardSurface2_Metallic.uasset" 1260
"D:/BaseFiles/Broken/ForgeMachine/Content/Project/MaterialLibrary/Textures/Lamp/lamp_02_standardSurface2_Metallic.uexp" 1261
"D:/BaseFiles/Broken/ForgeMachine/Content/Project/MaterialLibrary/Textures/Lamp/lamp_02_standardSurface2_Emissive.ubulk" 1262
"D:/BaseFiles/Broken/ForgeMachine/Content/Project/MaterialLibrary/Textures/Lamp/lamp_02_standardSurface2_Emissive.uasset" 1263
"D:/BaseFiles/Broken/ForgeMachine/Content/Project/MaterialLibrary/Textures/Lamp/lamp_02_standardSurface2_Emissive.uexp" 1264
"D:/BaseFiles/Broken/ForgeMachine/Content/Project/MaterialLibrary/Textures/Lamp/lamp_02_standardSurface2_BaseColor.ubulk" 1265
"D:/BaseFiles/Broken/ForgeMachine/Content/Project/MaterialLibrary/Textures/Lamp/lamp_02_standardSurface2_BaseColor.uasset" 1266
"D:/BaseFiles/Broken/ForgeMachine/Content/Project/MaterialLibrary/Textures/Lamp/lamp_02_standardSurface2_BaseColor.uexp" 1267
"D:/BaseFiles/Broken/ForgeMachine/Content/Project/MaterialLibrary/Materials/M_Lamp2lvl.uasset" 1268
"D:/BaseFiles/Broken/ForgeMachine/Content/Project/MaterialLibrary/Materials/M_Lamp2lvl.uexp" 1269
"D:/BaseFiles/Broken/ForgeMachine/Content/Project/MaterialLibrary/Meshes/lamp_2nd_lvl.ubulk" 1270
"D:/BaseFiles/Broken/ForgeMachine/Content/Project/MaterialLibrary/Meshes/lamp_2nd_lvl.uasset" 1271
"D:/BaseFiles/Broken/ForgeMachine/Content/Project/MaterialLibrary/Meshes/lamp_2nd_lvl.uexp" 1272
"D:/BaseFiles/Broken/ForgeMachine/Content/Project/MaterialLibrary/Sounds/SW_BatteryFinishProduce.ubulk" 1273
"D:/BaseFiles/Broken/ForgeMachine/Content/Project/MaterialLibrary/Sounds/SW_BatteryFinishProduce.uasset" 1274
"D:/BaseFiles/Broken/ForgeMachine/Content/Project/MaterialLibrary/Sounds/SW_BatteryFinishProduce.uexp" 1275
"D:/BaseFiles/Broken/ForgeMachine/Content/Project/MaterialLibrary/Textures/Battarey/engine_3rd_lvl_standardSurface2_Roughness.ubulk" 1276
"D:/BaseFiles/Broken/ForgeMachine/Content/Project/MaterialLibrary/Textures/Battarey/engine_3rd_lvl_standardSurface2_Roughness.uasset" 1277
"D:/BaseFiles/Broken/ForgeMachine/Content/Project/MaterialLibrary/Textures/Battarey/engine_3rd_lvl_standardSurface2_Roughness.uexp" 1278
"D:/BaseFiles/Broken/ForgeMachine/Content/Project/MaterialLibrary/Textures/Battarey/engine_3rd_lvl_standardSurface2_Normal.ubulk" 1279
"D:/BaseFiles/Broken/ForgeMachine/Content/Project/MaterialLibrary/Textures/Battarey/engine_3rd_lvl_standardSurface2_Normal.uasset" 1280
"D:/BaseFiles/Broken/ForgeMachine/Content/Project/MaterialLibrary/Textures/Battarey/engine_3rd_lvl_standardSurface2_Normal.uexp" 1281
"D:/BaseFiles/Broken/ForgeMachine/Content/Project/MaterialLibrary/Textures/Battarey/engine_3rd_lvl_standardSurface2_Metallic.ubulk" 1282
"D:/BaseFiles/Broken/ForgeMachine/Content/Project/MaterialLibrary/Textures/Battarey/engine_3rd_lvl_standardSurface2_Metallic.uasset" 1283
"D:/BaseFiles/Broken/ForgeMachine/Content/Project/MaterialLibrary/Textures/Battarey/engine_3rd_lvl_standardSurface2_Metallic.uexp" 1284
"D:/BaseFiles/Broken/ForgeMachine/Content/Project/MaterialLibrary/Textures/Battarey/engine_3rd_lvl_standardSurface2_BaseColor.ubulk" 1285
"D:/BaseFiles/Broken/ForgeMachine/Content/Project/MaterialLibrary/Textures/Battarey/engine_3rd_lvl_standardSurface2_BaseColor.uasset" 1286
"D:/BaseFiles/Broken/ForgeMachine/Content/Project/MaterialLibrary/Textures/Battarey/engine_3rd_lvl_standardSurface2_BaseColor.uexp" 1287
"D:/BaseFiles/Broken/ForgeMachine/Content/Project/MaterialLibrary/Materials/M_Battery.uasset" 1288
"D:/BaseFiles/Broken/ForgeMachine/Content/Project/MaterialLibrary/Materials/M_Battery.uexp" 1289
"D:/BaseFiles/Broken/ForgeMachine/Content/Project/MaterialLibrary/Meshes/engine_3rd_lvl.ubulk" 1290
"D:/BaseFiles/Broken/ForgeMachine/Content/Project/MaterialLibrary/Meshes/engine_3rd_lvl.uasset" 1291
"D:/BaseFiles/Broken/ForgeMachine/Content/Project/MaterialLibrary/Meshes/engine_3rd_lvl.uexp" 1292
"D:/BaseFiles/Broken/ForgeMachine/Content/Project/MaterialLibrary/Textures/Battarey/02_standardSurface2_Roughness.ubulk" 1293
"D:/BaseFiles/Broken/ForgeMachine/Content/Project/MaterialLibrary/Textures/Battarey/02_standardSurface2_Roughness.uasset" 1294
"D:/BaseFiles/Broken/ForgeMachine/Content/Project/MaterialLibrary/Textures/Battarey/02_standardSurface2_Roughness.uexp" 1295
"D:/BaseFiles/Broken/ForgeMachine/Content/Project/MaterialLibrary/Textures/Battarey/02_standardSurface2_Normal.ubulk" 1296
"D:/BaseFiles/Broken/ForgeMachine/Content/Project/MaterialLibrary/Textures/Battarey/02_standardSurface2_Normal.uasset" 1297
"D:/BaseFiles/Broken/ForgeMachine/Content/Project/MaterialLibrary/Textures/Battarey/02_standardSurface2_Normal.uexp" 1298
"D:/BaseFiles/Broken/ForgeMachine/Content/Project/MaterialLibrary/Textures/Battarey/02_standardSurface2_Metallic.ubulk" 1299
"D:/BaseFiles/Broken/ForgeMachine/Content/Project/MaterialLibrary/Textures/Battarey/02_standardSurface2_Metallic.uasset" 1300
"D:/BaseFiles/Broken/ForgeMachine/Content/Project/MaterialLibrary/Textures/Battarey/02_standardSurface2_Metallic.uexp" 1301
"D:/BaseFiles/Broken/ForgeMachine/Content/Project/MaterialLibrary/Textures/Battarey/02_standardSurface2_BaseColor.ubulk" 1302
"D:/BaseFiles/Broken/ForgeMachine/Content/Project/MaterialLibrary/Textures/Battarey/02_standardSurface2_BaseColor.uasset" 1303
"D:/BaseFiles/Broken/ForgeMachine/Content/Project/MaterialLibrary/Textures/Battarey/02_standardSurface2_BaseColor.uexp" 1304
"D:/BaseFiles/Broken/ForgeMachine/Content/Project/MaterialLibrary/Materials/M_Battery3lvl.uasset" 1305
"D:/BaseFiles/Broken/ForgeMachine/Content/Project/MaterialLibrary/Materials/M_Battery3lvl.uexp" 1306
"D:/BaseFiles/Broken/ForgeMachine/Content/Project/MaterialLibrary/Meshes/engine_2nd_lvl.ubulk" 1307
"D:/BaseFiles/Broken/ForgeMachine/Content/Project/MaterialLibrary/Meshes/engine_2nd_lvl.uasset" 1308
"D:/BaseFiles/Broken/ForgeMachine/Content/Project/MaterialLibrary/Meshes/engine_2nd_lvl.uexp" 1309
"D:/BaseFiles/Broken/ForgeMachine/Content/Project/Blueprints/Actors/Machines/Battarey/BP_Battery.uasset" 1310
"D:/BaseFiles/Broken/ForgeMachine/Content/Project/Blueprints/Actors/Machines/Battarey/BP_Battery.uexp" 1311
"D:/BaseFiles/Broken/ForgeMachine/Content/Project/Blueprints/Actors/Machines/Lampa/BP_Lamp.uasset" 1312
"D:/BaseFiles/Broken/ForgeMachine/Content/Project/Blueprints/Actors/Machines/Lampa/BP_Lamp.uexp" 1313
"D:/BaseFiles/Broken/ForgeMachine/Content/Project/Blueprints/Actors/Machines/BP_ForMachine.uasset" 1314
"D:/BaseFiles/Broken/ForgeMachine/Content/Project/Blueprints/Actors/Machines/BP_ForMachine.uexp" 1315
"D:/BaseFiles/Broken/ForgeMachine/Content/Project/MaterialLibrary/Meshes/111.ubulk" 1316
"D:/BaseFiles/Broken/ForgeMachine/Content/Project/MaterialLibrary/Meshes/111.uasset" 1317
"D:/BaseFiles/Broken/ForgeMachine/Content/Project/MaterialLibrary/Meshes/111.uexp" 1318
"D:/BaseFiles/Broken/ForgeMachine/Content/Project/MaterialLibrary/Materials/M_PrePlatformTest.uasset" 1319
"D:/BaseFiles/Broken/ForgeMachine/Content/Project/MaterialLibrary/Materials/M_PrePlatformTest.uexp" 1320
"D:/BaseFiles/Broken/ForgeMachine/Content/Project/MaterialLibrary/Textures/Platform/02_initialShadingGroup_Roughness.ubulk" 1321
"D:/BaseFiles/Broken/ForgeMachine/Content/Project/MaterialLibrary/Textures/Platform/02_initialShadingGroup_Roughness.uasset" 1322
"D:/BaseFiles/Broken/ForgeMachine/Content/Project/MaterialLibrary/Textures/Platform/02_initialShadingGroup_Roughness.uexp" 1323
"D:/BaseFiles/Broken/ForgeMachine/Content/Project/MaterialLibrary/Textures/Platform/02_initialShadingGroup_Normal.ubulk" 1324
"D:/BaseFiles/Broken/ForgeMachine/Content/Project/MaterialLibrary/Textures/Platform/02_initialShadingGroup_Normal.uasset" 1325
"D:/BaseFiles/Broken/ForgeMachine/Content/Project/MaterialLibrary/Textures/Platform/02_initialShadingGroup_Normal.uexp" 1326
"D:/BaseFiles/Broken/ForgeMachine/Content/Project/MaterialLibrary/Textures/Platform/02_initialShadingGroup_Metallic.ubulk" 1327
"D:/BaseFiles/Broken/ForgeMachine/Content/Project/MaterialLibrary/Textures/Platform/02_initialShadingGroup_Metallic.uasset" 1328
"D:/BaseFiles/Broken/ForgeMachine/Content/Project/MaterialLibrary/Textures/Platform/02_initialShadingGroup_Metallic.uexp" 1329
"D:/BaseFiles/Broken/ForgeMachine/Content/Project/MaterialLibrary/Textures/Platform/02_initialShadingGroup_BaseColor.ubulk" 1330
"D:/BaseFiles/Broken/ForgeMachine/Content/Project/MaterialLibrary/Textures/Platform/02_initialShadingGroup_BaseColor.uasset" 1331
"D:/BaseFiles/Broken/ForgeMachine/Content/Project/MaterialLibrary/Textures/Platform/02_initialShadingGroup_BaseColor.uexp" 1332
"D:/BaseFiles/Broken/ForgeMachine/Content/Project/MaterialLibrary/Materials/M_PlatformType2.uasset" 1333
"D:/BaseFiles/Broken/ForgeMachine/Content/Project/MaterialLibrary/Materials/M_PlatformType2.uexp" 1334
"D:/BaseFiles/Broken/ForgeMachine/Content/Project/MaterialLibrary/Textures/Platform/01_initialShadingGroup_Roughness.ubulk" 1335
"D:/BaseFiles/Broken/ForgeMachine/Content/Project/MaterialLibrary/Textures/Platform/01_initialShadingGroup_Roughness.uasset" 1336
"D:/BaseFiles/Broken/ForgeMachine/Content/Project/MaterialLibrary/Textures/Platform/01_initialShadingGroup_Roughness.uexp" 1337
"D:/BaseFiles/Broken/ForgeMachine/Content/Project/MaterialLibrary/Textures/Platform/01_initialShadingGroup_Normal.ubulk" 1338
"D:/BaseFiles/Broken/ForgeMachine/Content/Project/MaterialLibrary/Textures/Platform/01_initialShadingGroup_Normal.uasset" 1339
"D:/BaseFiles/Broken/ForgeMachine/Content/Project/MaterialLibrary/Textures/Platform/01_initialShadingGroup_Normal.uexp" 1340
"D:/BaseFiles/Broken/ForgeMachine/Content/Project/MaterialLibrary/Textures/Platform/01_initialShadingGroup_Metallic.ubulk" 1341
"D:/BaseFiles/Broken/ForgeMachine/Content/Project/MaterialLibrary/Textures/Platform/01_initialShadingGroup_Metallic.uasset" 1342
"D:/BaseFiles/Broken/ForgeMachine/Content/Project/MaterialLibrary/Textures/Platform/01_initialShadingGroup_Metallic.uexp" 1343
"D:/BaseFiles/Broken/ForgeMachine/Content/Project/MaterialLibrary/Textures/Platform/01_initialShadingGroup_BaseColor.ubulk" 1344
"D:/BaseFiles/Broken/ForgeMachine/Content/Project/MaterialLibrary/Textures/Platform/01_initialShadingGroup_BaseColor.uasset" 1345
"D:/BaseFiles/Broken/ForgeMachine/Content/Project/MaterialLibrary/Textures/Platform/01_initialShadingGroup_BaseColor.uexp" 1346
"D:/BaseFiles/Broken/ForgeMachine/Content/Project/MaterialLibrary/Materials/M_PlatformType1.uasset" 1347
"D:/BaseFiles/Broken/ForgeMachine/Content/Project/MaterialLibrary/Materials/M_PlatformType1.uexp" 1348
"D:/BaseFiles/Broken/ForgeMachine/Content/Project/MaterialLibrary/Materials/M_CursorOnPlatform.uasset" 1349
"D:/BaseFiles/Broken/ForgeMachine/Content/Project/MaterialLibrary/Materials/M_CursorOnPlatform.uexp" 1350
"D:/BaseFiles/Broken/ForgeMachine/Content/Project/MaterialLibrary/Materials/M_Black.uasset" 1351
"D:/BaseFiles/Broken/ForgeMachine/Content/Project/MaterialLibrary/Materials/M_Black.uexp" 1352
"../../../Engine/Plugins/2D/Paper2D/Content/TranslucentUnlitSpriteMaterial.uasset" 1353
"../../../Engine/Plugins/2D/Paper2D/Content/TranslucentUnlitSpriteMaterial.uexp" 1354
"D:/BaseFiles/Broken/ForgeMachine/Content/Project/MaterialLibrary/Textures/T_BronzeCoin2_Sprite.uasset" 1355
"D:/BaseFiles/Broken/ForgeMachine/Content/Project/MaterialLibrary/Textures/T_BronzeCoin2_Sprite.uexp" 1356
"D:/BaseFiles/Broken/ForgeMachine/Content/Project/MaterialLibrary/Textures/T_GoldCoin2_Sprite.uasset" 1357
"D:/BaseFiles/Broken/ForgeMachine/Content/Project/MaterialLibrary/Textures/T_GoldCoin2_Sprite.uexp" 1358
"D:/BaseFiles/Broken/ForgeMachine/Content/Project/MaterialLibrary/Textures/T_SilverCoin2_Sprite.uasset" 1359
"D:/BaseFiles/Broken/ForgeMachine/Content/Project/MaterialLibrary/Textures/T_SilverCoin2_Sprite.uexp" 1360
"D:/BaseFiles/Broken/ForgeMachine/Content/Project/Blueprints/Actors/BP_Platform.uasset" 1361
"D:/BaseFiles/Broken/ForgeMachine/Content/Project/Blueprints/Actors/BP_Platform.uexp" 1362
"D:/BaseFiles/Broken/ForgeMachine/Content/Project/MaterialLibrary/Textures/B_BackToMainMenu.uasset" 1363
"D:/BaseFiles/Broken/ForgeMachine/Content/Project/MaterialLibrary/Textures/B_BackToMainMenu.uexp" 1364
"D:/BaseFiles/Broken/ForgeMachine/Content/Project/Blueprints/UI/Widgets/WBP_Menu.uasset" 1365
"D:/BaseFiles/Broken/ForgeMachine/Content/Project/Blueprints/UI/Widgets/WBP_Menu.uexp" 1366
"D:/BaseFiles/Broken/ForgeMachine/Content/Project/Blueprints/UI/Widgets/WBP_Settings.uasset" 1367
"D:/BaseFiles/Broken/ForgeMachine/Content/Project/Blueprints/UI/Widgets/WBP_Settings.uexp" 1368
"D:/BaseFiles/Broken/ForgeMachine/Content/Project/MaterialLibrary/Sounds/SW_Upgrading.ubulk" 1369
"D:/BaseFiles/Broken/ForgeMachine/Content/Project/MaterialLibrary/Sounds/SW_Upgrading.uasset" 1370
"D:/BaseFiles/Broken/ForgeMachine/Content/Project/MaterialLibrary/Sounds/SW_Upgrading.uexp" 1371
"D:/BaseFiles/Broken/ForgeMachine/Content/Project/MaterialLibrary/Sounds/SW_BuildingNormal.ubulk" 1372
"D:/BaseFiles/Broken/ForgeMachine/Content/Project/MaterialLibrary/Sounds/SW_BuildingNormal.uasset" 1373
"D:/BaseFiles/Broken/ForgeMachine/Content/Project/MaterialLibrary/Sounds/SW_BuildingNormal.uexp" 1374
"D:/BaseFiles/Broken/ForgeMachine/Content/Project/MaterialLibrary/Sounds/SW_BuildingMeme.ubulk" 1375
"D:/BaseFiles/Broken/ForgeMachine/Content/Project/MaterialLibrary/Sounds/SW_BuildingMeme.uasset" 1376
"D:/BaseFiles/Broken/ForgeMachine/Content/Project/MaterialLibrary/Sounds/SW_BuildingMeme.uexp" 1377
"D:/BaseFiles/Broken/ForgeMachine/Content/Project/Blueprints/UI/Widgets/WBP_Tutorial.uasset" 1378
"D:/BaseFiles/Broken/ForgeMachine/Content/Project/Blueprints/UI/Widgets/WBP_Tutorial.uexp" 1379
"D:/BaseFiles/Broken/ForgeMachine/Content/Charapters/BP_Camera.uasset" 1380
"D:/BaseFiles/Broken/ForgeMachine/Content/Charapters/BP_Camera.uexp" 1381
"D:/BaseFiles/Broken/ForgeMachine/Content/Input/BP_PlayerController.uasset" 1382
"D:/BaseFiles/Broken/ForgeMachine/Content/Input/BP_PlayerController.uexp" 1383
"D:/BaseFiles/Broken/ForgeMachine/Content/Input/BP_PlayerGamemode.uasset" 1384
"D:/BaseFiles/Broken/ForgeMachine/Content/Input/BP_PlayerGamemode.uexp" 1385
"../../../Engine/Content/EngineSky/T_Sky_Stars.ubulk" 1386
"../../../Engine/Content/EngineSky/T_Sky_Stars.uasset" 1387
"../../../Engine/Content/EngineSky/T_Sky_Stars.uexp" 1388
"../../../Engine/Content/EngineSky/T_Sky_Clouds_M.ubulk" 1389
"../../../Engine/Content/EngineSky/T_Sky_Clouds_M.uasset" 1390
"../../../Engine/Content/EngineSky/T_Sky_Clouds_M.uexp" 1391
"../../../Engine/Content/EngineSky/T_Sky_Blue.ubulk" 1392
"../../../Engine/Content/EngineSky/T_Sky_Blue.uasset" 1393
"../../../Engine/Content/EngineSky/T_Sky_Blue.uexp" 1394
"../../../Engine/Content/EngineSky/M_Sky_Panning_Clouds2.uasset" 1395
"../../../Engine/Content/EngineSky/M_Sky_Panning_Clouds2.uexp" 1396
"../../../Engine/Content/EngineSky/SM_SkySphere.ubulk" 1397
"../../../Engine/Content/EngineSky/SM_SkySphere.uasset" 1398
"../../../Engine/Content/EngineSky/SM_SkySphere.uexp" 1399
"D:/BaseFiles/Broken/ForgeMachine/Content/Project/MaterialLibrary/Textures/T_Background.uasset" 1400
"D:/BaseFiles/Broken/ForgeMachine/Content/Project/MaterialLibrary/Textures/T_Background.uexp" 1401
"D:/BaseFiles/Broken/ForgeMachine/Content/Project/MaterialLibrary/Materials/M_Background.uasset" 1402
"D:/BaseFiles/Broken/ForgeMachine/Content/Project/MaterialLibrary/Materials/M_Background.uexp" 1403
"D:/BaseFiles/Broken/ForgeMachine/Content/Project/MaterialLibrary/Sounds/SW_AirshipBlimpSounds.ubulk" 1404
"D:/BaseFiles/Broken/ForgeMachine/Content/Project/MaterialLibrary/Sounds/SW_AirshipBlimpSounds.uasset" 1405
"D:/BaseFiles/Broken/ForgeMachine/Content/Project/MaterialLibrary/Sounds/SW_AirshipBlimpSounds.uexp" 1406
"D:/BaseFiles/Broken/ForgeMachine/Content/Project/MaterialLibrary/Textures/AirShip/airSHIP2_standardSurface1_Roughness.ubulk" 1407
"D:/BaseFiles/Broken/ForgeMachine/Content/Project/MaterialLibrary/Textures/AirShip/airSHIP2_standardSurface1_Roughness.uasset" 1408
"D:/BaseFiles/Broken/ForgeMachine/Content/Project/MaterialLibrary/Textures/AirShip/airSHIP2_standardSurface1_Roughness.uexp" 1409
"D:/BaseFiles/Broken/ForgeMachine/Content/Project/MaterialLibrary/Textures/AirShip/airSHIP2_standardSurface1_Normal.ubulk" 1410
"D:/BaseFiles/Broken/ForgeMachine/Content/Project/MaterialLibrary/Textures/AirShip/airSHIP2_standardSurface1_Normal.uasset" 1411
"D:/BaseFiles/Broken/ForgeMachine/Content/Project/MaterialLibrary/Textures/AirShip/airSHIP2_standardSurface1_Normal.uexp" 1412
"D:/BaseFiles/Broken/ForgeMachine/Content/Project/MaterialLibrary/Textures/AirShip/airSHIP2_standardSurface1_Metallic.ubulk" 1413
"D:/BaseFiles/Broken/ForgeMachine/Content/Project/MaterialLibrary/Textures/AirShip/airSHIP2_standardSurface1_Metallic.uasset" 1414
"D:/BaseFiles/Broken/ForgeMachine/Content/Project/MaterialLibrary/Textures/AirShip/airSHIP2_standardSurface1_Metallic.uexp" 1415
"D:/BaseFiles/Broken/ForgeMachine/Content/Project/MaterialLibrary/Textures/AirShip/airSHIP2_standardSurface1_BaseColor.ubulk" 1416
"D:/BaseFiles/Broken/ForgeMachine/Content/Project/MaterialLibrary/Textures/AirShip/airSHIP2_standardSurface1_BaseColor.uasset" 1417
"D:/BaseFiles/Broken/ForgeMachine/Content/Project/MaterialLibrary/Textures/AirShip/airSHIP2_standardSurface1_BaseColor.uexp" 1418
"D:/BaseFiles/Broken/ForgeMachine/Content/Project/MaterialLibrary/Materials/standardSurface3.uasset" 1419
"D:/BaseFiles/Broken/ForgeMachine/Content/Project/MaterialLibrary/Materials/standardSurface3.uexp" 1420
"D:/BaseFiles/Broken/ForgeMachine/Content/Project/MaterialLibrary/Meshes/Airsheap_0001.ubulk" 1421
"D:/BaseFiles/Broken/ForgeMachine/Content/Project/MaterialLibrary/Meshes/Airsheap_0001.uasset" 1422
"D:/BaseFiles/Broken/ForgeMachine/Content/Project/MaterialLibrary/Meshes/Airsheap_0001.uexp" 1423
"D:/BaseFiles/Broken/ForgeMachine/Content/Project/Blueprints/UI/Widgets/WBP_Win.uasset" 1424
"D:/BaseFiles/Broken/ForgeMachine/Content/Project/Blueprints/UI/Widgets/WBP_Win.uexp" 1425
"D:/BaseFiles/Broken/ForgeMachine/Content/Project/Blueprints/Actors/BP_AirSheap.uasset" 1426
"D:/BaseFiles/Broken/ForgeMachine/Content/Project/Blueprints/Actors/BP_AirSheap.uexp" 1427
"D:/BaseFiles/Broken/ForgeMachine/Content/Project/Levels/L_Base.uexp" 1428
"D:/BaseFiles/Broken/ForgeMachine/Content/Project/Levels/L_Base.umap" 1429
